operation,kind,phase,fd,command,argument,rc,errno,begin_ns,end_ns,status,input_addr,output_a,output_b,input_wh,output_wh,queue_drop_flags,h_first_or_pitch,bitmap_addr
0,2,0,7,2,0,7,0,7522784000,7534162000,-1,0,0,0,0,0,0,0,0
1,2,0,7,25601,0,0,0,7534230000,7553587000,-1,0,0,0,0,0,0,0,0
1,2,0,7,2147771395,2829304,0,0,7553592000,7553596000,-1,0,0,0,0,0,0,0,0
1,2,0,7,1076651025,2829312,0,0,7555802000,7565008000,-1,0,0,0,0,0,0,0,0
1,2,0,7,1074029584,1,0,0,7565013000,7574031000,-1,0,0,0,0,0,0,0,0
1,2,0,7,25602,0,0,0,7574033000,7574037000,-1,0,0,0,0,0,0,0,0
1,2,0,7,25607,0,0,0,7574039000,7586903000,-1,0,0,0,0,0,0,0,0
0,1,0,10,2,0,10,0,7605547000,7605718000,-1,0,0,0,0,0,0,0,0
1,1,0,10,20483,0,0,0,7605724000,7605735000,-1,0,0,0,0,0,0,0,0
1,1,0,10,1088704512,3066196212,0,0,7605737000,7605743000,-1,3066200064,3064438784,0,41943520,41943520,0,1,0
1,1,0,10,2147766273,0,0,0,7605745000,7605921000,-1,0,0,0,0,0,0,0,0
1,1,0,10,2147766276,3000,0,0,7605922000,7610141000,-1,0,0,0,0,0,0,0,0
1,1,0,10,2147766277,3064434148,0,0,7610145000,7610148000,6,0,0,0,0,0,0,0,0
1,1,0,10,20483,0,0,0,7610149000,7610153000,-1,0,0,0,0,0,0,0,0
2,1,0,10,0,0,0,0,7610155000,7610255000,-1,0,0,0,0,0,0,0,0
1,2,0,7,1076651027,2829312,0,0,7611726000,7611910000,-1,0,0,0,41943520,0,0,1280,3064438784
1,2,0,7,25602,0,0,0,7611913000,7611916000,-1,0,0,0,0,0,0,0,0
1,2,0,7,25607,0,0,0,7611918000,7620227000,-1,0,0,0,0,0,0,0,0
0,1,0,10,2,0,10,0,7626599000,7626780000,-1,0,0,0,0,0,0,0,0
1,1,0,10,20483,0,0,0,7626786000,7626798000,-1,0,0,0,0,0,0,0,0
1,1,0,10,1088704512,3066196212,0,0,7626801000,7626808000,-1,3066200064,3065053184,0,41943520,41943520,0,1,0
1,1,0,10,2147766273,0,0,0,7626810000,7627008000,-1,0,0,0,0,0,0,0,0
1,1,0,10,2147766276,3000,0,0,7627010000,7631216000,-1,0,0,0,0,0,0,0,0
1,1,0,10,2147766277,3064434148,0,0,7631221000,7631226000,6,0,0,0,0,0,0,0,0
1,1,0,10,20483,0,0,0,7631227000,7631231000,-1,0,0,0,0,0,0,0,0
2,1,0,10,0,0,0,0,7631233000,7631342000,-1,0,0,0,0,0,0,0,0
1,2,0,7,1076651027,2829356,0,0,7631368000,7631549000,-1,0,0,0,41943520,0,0,1280,3065053184
1,2,0,7,25602,0,0,0,7631551000,7631555000,-1,0,0,0,0,0,0,0,0
1,2,0,7,25607,0,0,0,7631556000,7636875000,-1,0,0,0,0,0,0,0,0
0,1,0,10,2,0,10,0,19186160000,19186339000,-1,0,0,0,0,0,0,0,0
1,1,0,10,20483,0,0,0,19186346000,19186358000,-1,0,0,0,0,0,0,0,0
1,1,0,10,1088704512,3066196212,0,0,19186361000,19186368000,-1,3066200064,3064438784,0,41943520,41943520,0,1,0
1,1,0,10,2147766273,0,0,0,19186370000,19186568000,-1,0,0,0,0,0,0,0,0
1,1,0,10,2147766276,3000,0,0,19186570000,19190808000,-1,0,0,0,0,0,0,0,0
1,1,0,10,2147766277,3064434148,0,0,19190812000,19190816000,6,0,0,0,0,0,0,0,0
1,1,0,10,20483,0,0,0,19190817000,19190821000,-1,0,0,0,0,0,0,0,0
2,1,0,10,0,0,0,0,19190858000,19190960000,-1,0,0,0,0,0,0,0,0
1,2,0,7,1076651027,2829312,0,0,19190986000,19191166000,-1,0,0,0,41943520,0,0,1280,3064438784
1,2,0,7,25602,0,0,0,19191168000,19191172000,-1,0,0,0,0,0,0,0,0
1,2,0,7,25607,0,0,0,19191173000,19196879000,-1,0,0,0,0,0,0,0,0
0,1,10,10,2,0,10,0,19318057000,19318238000,-1,0,0,0,0,0,0,0,0
1,1,10,10,20483,0,0,0,19318245000,19318257000,-1,0,0,0,0,0,0,0,0
1,1,10,10,1088704512,3066196212,0,0,19318259000,19318266000,-1,3066200064,3065053184,0,41943520,41943520,0,1,0
1,1,10,10,2147766273,0,0,0,19318268000,19318465000,-1,0,0,0,0,0,0,0,0
1,1,10,10,2147766276,3000,0,0,19318466000,19322709000,-1,0,0,0,0,0,0,0,0
1,1,10,10,2147766277,3064434148,0,0,19322713000,19322717000,6,0,0,0,0,0,0,0,0
1,1,10,10,20483,0,0,0,19322718000,19322721000,-1,0,0,0,0,0,0,0,0
2,1,10,10,0,0,0,0,19322723000,19322815000,-1,0,0,0,0,0,0,0,0
1,2,10,7,1076651027,2829356,0,0,19322838000,19323019000,-1,0,0,0,41943520,0,0,1280,3065053184
1,2,10,7,25602,0,0,0,19323020000,19323023000,-1,0,0,0,0,0,0,0,0
1,2,10,7,25607,0,0,0,19323025000,19330130000,-1,0,0,0,0,0,0,0,0
# captured=51 dropped=0
