frame,samples,begin_ns,admitted_ns,work_end_ns,published_ns,submitted_ns,cpu_ns,observed_lead_bytes,observation_ns
0,534,38385207000,38385209000,38397526000,38398050000,38399160000,12006000,0,0
1,535,38399213000,38399219000,38411646000,38412089000,38413158000,12010000,2048,38398027000
2,535,38413214000,38413219000,38425596000,38426010000,38427058000,12007000,3076,38412061000
3,534,38427114000,38427119000,38439960000,38440460000,38441544000,12010000,3076,38425982000
4,535,38441599000,38441604000,38453989000,38454406000,38455441000,12008000,3076,38440433000
5,535,38455495000,38455500000,38469555000,38469971000,38471125000,12008000,3076,38454377000
6,534,38471181000,38471186000,38483601000,38484018000,38484654000,12009000,3076,38469946000
7,535,38484710000,38486238000,38498631000,38499065000,38499714000,12011000,3072,38485874000
8,535,38499771000,38501879000,38514522000,38514936000,38515578000,12009000,3072,38501829000
9,534,38515638000,38517899000,38530601000,38531022000,38531676000,12010000,3072,38517849000
10,535,38531735000,38533895000,38546540000,38546961000,38547600000,12009000,3072,38533846000
11,535,38547658000,38549896000,38562612000,38563029000,38563687000,12007000,3072,38549845000
12,534,38563746000,38573859000,38585901000,38586287000,38587299000,12009000,3072,38573807000
13,535,38587355000,38589864000,38601962000,38602409000,38603388000,12008000,3072,38589816000
14,535,38603441000,38605871000,38617885000,38618285000,38618928000,12008000,3072,38605822000
15,535,38618986000,38621877000,38633892000,38634306000,38634964000,12009000,3072,38621821000
16,534,38635022000,38640199000,38652252000,38652689000,38653684000,12007000,3072,38640136000
17,535,38653913000,38653917000,38666278000,38666688000,38667338000,12010000,3072,38653857000
18,535,38667394000,38669906000,38684069000,38684496000,38685157000,12008000,3072,38669844000
19,534,38685216000,38686156000,38698522000,38698928000,38699576000,12008000,3072,38686090000
20,535,38699634000,38701869000,38714589000,38715015000,38715681000,12008000,3072,38701821000
21,535,38715741000,38717894000,38730559000,38730991000,38731638000,12009000,3072,38717844000
22,534,38731696000,38733886000,38746568000,38746998000,38747659000,12008000,3072,38733838000
23,535,38747718000,38757853000,38769897000,38770401000,38771469000,12008000,3072,38757803000
24,535,38771525000,38773873000,38785918000,38786312000,38787341000,12009000,3072,38773820000
25,534,38787395000,38789868000,38801921000,38802365000,38803344000,12009000,3072,38789816000
26,535,38803397000,38805863000,38817932000,38818331000,38819413000,12007000,3072,38805815000
27,535,38819466000,38821862000,38833915000,38834319000,38834959000,12008000,3072,38821813000
28,534,38835015000,38838277000,38850291000,38850706000,38851351000,12007000,3072,38837837000
29,535,38851410000,38853913000,38884010000,38884437000,38885487000,28014000,3072,38853846000
30,535,38885543000,38885894000,38898306000,38898724000,38899369000,12008000,3072,38885839000
31,535,38899425000,38901933000,38914581000,38915002000,38915648000,12006000,3072,38901880000
32,534,38915708000,38917888000,38930666000,38931101000,38931750000,12010000,3072,38917837000
33,535,38931806000,38933885000,38946570000,38947007000,38947672000,12007000,3072,38933836000
34,535,38947729000,38957853000,38969897000,38970310000,38971377000,12008000,3072,38957802000
35,534,38971432000,38973861000,38985942000,38986342000,38987365000,12007000,3072,38973812000
36,535,38987419000,38989862000,39001875000,39002314000,39003358000,12006000,3072,38989812000
37,535,39003415000,39005863000,39017915000,39018322000,39019418000,12007000,3072,39005811000
38,534,39019472000,39021864000,39033934000,39034349000,39034996000,12007000,3072,39021814000
39,535,39035051000,39038082000,39050137000,39050553000,39051204000,12008000,3072,39038016000
40,535,39051263000,39053919000,39066285000,39066712000,39067362000,12008000,3072,39053850000
41,534,39067421000,39069904000,39082369000,39082797000,39083452000,12008000,3072,39069837000
42,535,39083512000,39085938000,39099966000,39100485000,39101154000,12007000,3072,39085876000
43,535,39101214000,39101885000,39114546000,39114995000,39115636000,12009000,3072,39101834000
44,534,39115695000,39117883000,39130577000,39131015000,39131662000,12009000,3072,39117833000
45,535,39131719000,39133872000,39146589000,39147019000,39147662000,12008000,3072,39133823000
46,535,39147721000,39157859000,39169947000,39170374000,39171451000,12008000,3072,39157810000
47,535,39171507000,39173861000,39185906000,39186310000,39187367000,12008000,3072,39173812000
48,534,39187422000,39189859000,39201910000,39202350000,39203372000,12007000,3072,39189810000
49,535,39203425000,39205860000,39217872000,39218279000,39219385000,12007000,3072,39205811000
50,535,39219438000,39221865000,39233878000,39234284000,39234929000,12007000,3072,39221811000
51,534,39234988000,39238001000,39250125000,39250543000,39251193000,12038000,3072,39237932000
52,535,39251251000,39253920000,39266284000,39266702000,39267353000,12010000,3072,39253851000
53,535,39267413000,39269916000,39282355000,39282784000,39283436000,12008000,3072,39269842000
54,534,39283494000,39285894000,39298260000,39298683000,39299342000,12009000,3072,39285829000
55,535,39299398000,39301900000,39314585000,39315020000,39315681000,12010000,3072,39301829000
56,535,39315738000,39317881000,39330537000,39330974000,39331621000,12009000,3072,39317831000
57,534,39331680000,39341849000,39353893000,39354293000,39355341000,12006000,3072,39341794000
58,535,39355395000,39357856000,39369955000,39370443000,39371505000,12007000,3072,39357805000
59,535,39371562000,39373860000,39401942000,39402347000,39403373000,28012000,3072,39373809000
60,534,39403430000,39403435000,39415790000,39416228000,39416867000,12010000,3072,39402325000
61,535,39416922000,39416926000,39429597000,39430148000,39430788000,12010000,3072,39416200000
62,535,39430848000,39430851000,39443712000,39444102000,39444739000,12007000,3576,39430055000
63,535,39444799000,39445884000,39458543000,39458968000,39459628000,12008000,3072,39445833000
64,534,39459686000,39461859000,39474591000,39475025000,39475690000,12007000,3072,39461807000
65,535,39475748000,39477880000,39490554000,39490995000,39491649000,12007000,3072,39477830000
66,535,39491707000,39493877000,39506519000,39506956000,39507586000,12008000,3072,39493826000
67,534,39507643000,39509867000,39524256000,39524699000,39525352000,12009000,3072,39509819000
68,535,39525411000,39533811000,39546454000,39546881000,39547526000,12008000,3072,39533782000
69,535,39547586000,39549874000,39562557000,39562989000,39563637000,12009000,3072,39549823000
70,534,39563694000,39565877000,39578530000,39578960000,39579600000,12010000,3072,39565826000
71,535,39579656000,39581852000,39594536000,39594975000,39595632000,12007000,3072,39581802000
72,535,39595688000,39597871000,39610546000,39610982000,39611632000,12009000,3072,39597820000
73,534,39611688000,39613869000,39626507000,39626938000,39627579000,12008000,3072,39613818000
74,535,39627637000,39629877000,39642545000,39642980000,39643636000,12009000,3072,39629825000
75,535,39643693000,39645868000,39658557000,39658992000,39659641000,12007000,3072,39645819000
76,535,39659701000,39661893000,39674600000,39675043000,39675696000,12007000,3072,39661843000
77,534,39675753000,39677898000,39690591000,39691011000,39691659000,12008000,3072,39677848000
78,535,39691716000,39693868000,39706545000,39706979000,39707623000,12008000,3072,39693820000
79,535,39707681000,39717791000,39732255000,39732698000,39733380000,12007000,3072,39717762000
80,534,39733440000,39733871000,39746517000,39746957000,39747611000,12008000,3072,39733819000
81,535,39747673000,39749875000,39762567000,39763005000,39763652000,12009000,3072,39749823000
82,535,39763710000,39765874000,39778530000,39778961000,39779615000,12006000,3072,39765823000
83,534,39779676000,39781887000,39794637000,39795072000,39795729000,12009000,3072,39781838000
84,535,39795787000,39797859000,39810570000,39811003000,39811661000,12007000,3072,39797810000
85,535,39811718000,39813862000,39826559000,39827000000,39827663000,12006000,3072,39813815000
86,534,39827721000,39829870000,39842508000,39842941000,39843579000,12009000,3072,39829820000
87,535,39843638000,39845861000,39858538000,39858969000,39859610000,12008000,3072,39845812000
88,535,39859668000,39861894000,39874603000,39875040000,39875700000,12007000,3072,39861845000
89,534,39875757000,39877865000,39906570000,39907005000,39908080000,28012000,3072,39877813000
90,535,39908134000,39910412000,39922455000,39922879000,39923960000,12007000,3072,39909834000
91,535,39924015000,39933829000,39945908000,39946329000,39947468000,12007000,3072,39933781000
92,535,39947527000,39949866000,39961912000,39962321000,39963359000,12008000,3072,39949814000
93,534,39963415000,39965843000,39977920000,39978339000,39979391000,12007000,3072,39965793000
94,535,39979446000,39981843000,39993881000,39994297000,39995324000,12008000,3072,39981793000
95,535,39995378000,39997838000,40009926000,40010371000,40011442000,12008000,3072,39997790000
96,534,40011497000,40013846000,40025942000,40026350000,40027396000,12008000,3072,40013794000
97,535,40027453000,40029845000,40041922000,40042343000,40043379000,12006000,3072,40029792000
98,535,40043434000,40045843000,40057887000,40058294000,40059342000,12007000,3072,40045792000
99,534,40059396000,40061847000,40073888000,40074304000,40075357000,12007000,3072,40061794000
100,535,40075412000,40077849000,40089891000,40090384000,40091442000,12005000,3072,40077794000
101,535,40091498000,40093842000,40105887000,40106299000,40107361000,12005000,3072,40093791000
102,534,40107415000,40117794000,40129868000,40130362000,40131433000,12010000,3072,40117767000
103,535,40131488000,40133837000,40147562000,40147985000,40149046000,12008000,3072,40133787000
104,535,40149103000,40149885000,40162366000,40162797000,40163869000,12008000,3072,40149831000
105,534,40163926000,40166213000,40178255000,40178685000,40179751000,12007000,3072,40165806000
106,535,40179806000,40182084000,40194127000,40194546000,40195610000,12007000,3072,40182018000
107,535,40195666000,40197932000,40209974000,40210482000,40211541000,12006000,3072,40197871000
108,535,40211595000,40220186000,40232198000,40232602000,40233692000,12006000,3072,40220131000
109,534,40233749000,40233754000,40246186000,40246633000,40247289000,12008000,3072,40232583000
110,535,40247345000,40247349000,40260044000,40260489000,40261120000,12012000,3072,40246606000
111,535,40261175000,40261851000,40274566000,40275003000,40275648000,12010000,3072,40261802000
112,534,40275707000,40277866000,40290514000,40290954000,40291598000,12007000,3072,40277816000
113,535,40291656000,40301854000,40314258000,40314687000,40315347000,12006000,3072,40301796000
114,535,40315407000,40317856000,40330541000,40330988000,40331639000,12006000,3072,40317809000
115,534,40331698000,40333856000,40346496000,40346924000,40347567000,12009000,3072,40333804000
116,535,40347623000,40349855000,40364267000,40364708000,40365367000,12010000,3072,40349803000
117,535,40365425000,40365858000,40378551000,40378988000,40379644000,12008000,3072,40365809000
118,534,40379702000,40381879000,40394547000,40394986000,40395636000,12009000,3072,40381827000
119,535,40395694000,40397859000,40426571000,40427008000,40428061000,28012000,3072,40397807000
120,535,40428115000,40428120000,40440536000,40440976000,40442033000,12009000,3072,40426980000
121,534,40442087000,40442092000,40454549000,40454996000,40456058000,12009000,3072,40440947000
122,535,40456115000,40456120000,40468557000,40468989000,40470312000,12008000,3072,40454967000
123,535,40470368000,40470372000,40482772000,40483198000,40483836000,12007000,3072,40470274000
124,535,40483893000,40485888000,40498250000,40498678000,40499327000,12008000,3072,40485814000
125,534,40499386000,40509795000,40521870000,40522283000,40523372000,12006000,3072,40509753000
126,535,40523428000,40525835000,40537881000,40538289000,40539337000,12008000,3072,40525786000
127,535,40539392000,40541829000,40553876000,40554282000,40555323000,12009000,3072,40541780000
128,534,40555379000,40557829000,40571620000,40572052000,40573111000,12008000,3072,40557778000
129,535,40573168000,40573881000,40586284000,40586712000,40587761000,12009000,3072,40573823000
130,535,40587816000,40590190000,40602266000,40602690000,40603748000,12008000,3072,40590124000
131,534,40603805000,40606076000,40618120000,40618538000,40619575000,12006000,3072,40606011000
132,535,40619629000,40621916000,40633968000,40634396000,40635454000,12007000,3072,40621852000
133,535,40635506000,40637830000,40649845000,40650279000,40650918000,12009000,3072,40637781000
134,534,40650975000,40653878000,40665936000,40666355000,40667009000,12010000,3072,40653809000
135,535,40667068000,40669889000,40682318000,40682744000,40683404000,12008000,3072,40669819000
136,535,40683464000,40693800000,40705846000,40706246000,40707330000,12007000,3072,40693756000
137,535,40707384000,40709829000,40721902000,40722321000,40723381000,12006000,3072,40709779000
138,534,40723435000,40725857000,40737901000,40738303000,40739364000,12007000,3072,40725806000
139,535,40739421000,40741827000,40753908000,40754317000,40755378000,12010000,3072,40741778000
140,535,40755435000,40757822000,40769868000,40771993000,40773068000,12008000,3072,40757773000
141,534,40773125000,40773874000,40786310000,40786736000,40787775000,12007000,3072,40773818000
142,535,40787830000,40790187000,40802243000,40802665000,40803772000,12009000,3072,40790079000
143,535,40803827000,40806083000,40818192000,40818609000,40819644000,12009000,3072,40806022000
144,534,40819698000,40821984000,40834000000,40834454000,40835420000,12009000,3072,40821921000
145,535,40835475000,40837821000,40849878000,40850313000,40850960000,12008000,3072,40837771000
146,535,40851020000,40853833000,40865847000,40866263000,40866910000,12007000,3072,40853778000
147,534,40866969000,40877790000,40889835000,40890264000,40891316000,12008000,3072,40877754000
148,535,40891373000,40893823000,40905946000,40906366000,40907423000,12006000,3072,40893772000
149,535,40907478000,40909826000,40937908000,40938324000,40939377000,28011000,3072,40909775000
150,534,40939432000,40939437000,40951827000,40952268000,40953318000,12010000,3072,40938300000
151,535,40953371000,40953376000,40965810000,40966261000,40966891000,12008000,3072,40952239000
152,535,40966948000,40966951000,40979688000,40981926000,40982591000,12010000,3072,40966231000
153,535,40982649000,40982652000,40995358000,40995820000,40996457000,12010000,3072,40981891000
154,534,40996519000,41000214000,41012910000,41013338000,41014128000,12010000,3072,41000152000
155,535,41014183000,41020384000,41032400000,41032817000,41033463000,12009000,3072,41020263000
156,535,41033521000,41033525000,41046193000,41046640000,41047285000,12008000,3072,41032796000
157,534,41047341000,41047344000,41060039000,41060490000,41061128000,12009000,3072,41046610000
158,535,41061189000,41070221000,41082268000,41082699000,41083353000,12008000,3072,41069786000
159,535,41083409000,41085873000,41098238000,41098669000,41099315000,12008000,3072,41085803000
160,534,41099373000,41101860000,41114264000,41114697000,41115343000,12009000,3072,41101797000
161,535,41115398000,41118081000,41130534000,41130968000,41131609000,12006000,3072,41118020000
162,535,41131668000,41133845000,41146531000,41146984000,41147624000,12008000,3072,41133796000
163,534,41147683000,41149851000,41162511000,41162951000,41163601000,12009000,3072,41149800000
164,535,41163658000,41165840000,41178621000,41179066000,41179709000,12009000,3072,41165789000
165,535,41179767000,41181839000,41196138000,41196581000,41197233000,12009000,3072,41181784000
166,534,41197294000,41197841000,41210531000,41210975000,41211622000,12006000,3072,41197791000
167,535,41211681000,41213837000,41226478000,41226920000,41227563000,12009000,3072,41213788000
168,535,41227621000,41229836000,41242606000,41243059000,41243716000,12007000,3072,41229785000
169,535,41243774000,41245869000,41258503000,41258941000,41259579000,12009000,3072,41245817000
170,534,41259638000,41270136000,41282150000,41282562000,41283213000,12008000,3072,41270085000
171,535,41283271000,41285871000,41298274000,41298713000,41299373000,12009000,3072,41285799000
172,535,41299429000,41301861000,41314269000,41314706000,41315369000,12010000,3072,41301795000
173,534,41315426000,41317969000,41330390000,41330818000,41331474000,12010000,3072,41317906000
174,535,41331533000,41333843000,41346537000,41346970000,41347601000,12008000,3072,41333790000
175,535,41347663000,41349842000,41362535000,41362983000,41363641000,12009000,3072,41349790000
176,534,41363701000,41365843000,41378486000,41378930000,41379577000,12007000,3072,41365792000
177,535,41379635000,41381818000,41394493000,41394936000,41395581000,12007000,3072,41381767000
178,535,41395641000,41397841000,41412245000,41412700000,41413347000,12008000,3072,41397790000
179,534,41413406000,41413847000,41442552000,41442995000,41444040000,28012000,3072,41413793000
180,535,41444097000,41446231000,41458332000,41458762000,41459883000,12008000,3072,41445802000
181,535,41459941000,41469764000,41481814000,41482233000,41483279000,12006000,3072,41469728000
182,534,41483334000,41485816000,41497829000,41498245000,41498886000,12007000,3072,41485766000
183,535,41498945000,41501864000,41514224000,41514656000,41515311000,12009000,3072,41501794000
184,535,41515370000,41517909000,41530306000,41530740000,41531388000,12009000,3072,41517846000
185,535,41531448000,41533835000,41546522000,41546967000,41547618000,12006000,3072,41533786000
186,534,41547675000,41549840000,41562557000,41563008000,41563667000,12007000,3072,41549789000
187,535,41563726000,41565842000,41578489000,41578933000,41579595000,12009000,3072,41565790000
188,535,41579655000,41581850000,41594529000,41594972000,41595616000,12008000,3072,41581801000
189,534,41595675000,41597831000,41612192000,41612648000,41613319000,12008000,3072,41597781000
190,535,41613376000,41613831000,41626516000,41626971000,41627623000,12008000,3072,41613782000
191,535,41627679000,41629841000,41642489000,41642933000,41643593000,12007000,3072,41629789000
192,534,41643651000,41653803000,41665816000,41666225000,41666878000,12007000,3072,41653749000
193,535,41666936000,41669959000,41682071000,41682500000,41683148000,12009000,3072,41669888000
194,535,41683210000,41685866000,41698232000,41698658000,41699315000,12007000,3072,41685800000
195,534,41699373000,41701863000,41714262000,41714694000,41715347000,12008000,3072,41701790000
196,535,41715407000,41717847000,41730209000,41730635000,41731280000,12008000,3072,41717784000
197,535,41731338000,41733824000,41746501000,41746944000,41747598000,12010000,3072,41733772000
198,535,41747656000,41749832000,41762518000,41762964000,41763607000,12009000,3072,41749782000
199,534,41763669000,41765836000,41778516000,41778966000,41779613000,12006000,3072,41765784000
200,535,41779672000,41781765000,41794400000,41794840000,41795501000,12008000,3072,41781737000
201,535,41795561000,41797828000,41810510000,41810965000,41811616000,12009000,3072,41797777000
202,534,41811676000,41813830000,41828209000,41828659000,41829316000,12009000,3072,41813777000
203,535,41829375000,41829831000,41842546000,41842991000,41843646000,12007000,3072,41829780000
204,535,41843704000,41853786000,41865837000,41866262000,41866904000,12007000,3072,41853738000
205,534,41866965000,41869806000,41881822000,41882244000,41882888000,12009000,3072,41869751000
206,535,41882947000,41885858000,41898353000,41898803000,41899466000,12007000,3072,41885786000
207,535,41899525000,41901858000,41914228000,41914658000,41915309000,12008000,3072,41901789000
208,534,41915369000,41917843000,41930247000,41930682000,41931320000,12007000,3072,41917781000
209,535,41931378000,41934173000,41962589000,41963028000,41964083000,28011000,3072,41933799000
210,535,41964138000,41964144000,41976556000,41977012000,41978064000,12008000,3072,41963000000
211,534,41978120000,41978125000,41990579000,41991019000,41992059000,12009000,3072,41976983000
212,535,41992115000,41992119000,42004564000,42005003000,42006185000,12012000,3072,41990993000
213,535,42006241000,42010196000,42022241000,42022672000,42023727000,12009000,3072,42010098000
214,535,42023781000,42023786000,42037842000,42038301000,42039428000,12009000,3072,42022648000
215,534,42039485000,42045778000,42057820000,42058234000,42059290000,12007000,3072,42045736000
216,535,42059345000,42061803000,42073880000,42074307000,42075358000,12008000,3072,42061754000
217,535,42075415000,42077805000,42089849000,42090284000,42091353000,12007000,3072,42077754000
218,534,42091408000,42093798000,42105883000,42106306000,42107394000,12007000,3072,42093750000
219,535,42107451000,42109800000,42121901000,42122325000,42123378000,12007000,3072,42109749000
220,535,42123434000,42125802000,42137891000,42138309000,42139347000,12010000,3072,42125751000
221,534,42139403000,42141800000,42153844000,42154260000,42155335000,12009000,3072,42141751000
222,535,42155390000,42157800000,42169882000,42170328000,42171400000,12009000,3072,42157749000
223,535,42171457000,42173809000,42185854000,42186272000,42187315000,12008000,3072,42173758000
224,534,42187371000,42189800000,42201876000,42202303000,42203348000,12008000,3072,42189746000
225,535,42203403000,42205802000,42217847000,42218268000,42219324000,12009000,3072,42205750000
226,535,42219383000,42229731000,42243431000,42243857000,42244931000,12009000,3072,42229706000
227,534,42244987000,42245845000,42258322000,42258762000,42259846000,12009000,3072,42245789000
228,535,42259901000,42262197000,42274230000,42274664000,42275714000,12008000,3072,42261792000
229,535,42275768000,42278031000,42290111000,42290551000,42291619000,12009000,3072,42277971000
230,535,42291674000,42293972000,42306019000,42306430000,42307497000,12008000,3072,42293908000
231,534,42307551000,42309821000,42321942000,42322369000,42323457000,12009000,3072,42309768000
232,535,42323515000,42325795000,42337895000,42338316000,42339363000,12006000,3072,42325746000
233,535,42339419000,42341797000,42353841000,42354257000,42355310000,12008000,3072,42341747000
234,534,42355367000,42357798000,42369841000,42370339000,42371392000,12007000,3072,42357747000
235,535,42371449000,42373796000,42385842000,42386251000,42387340000,12008000,3072,42373746000
236,535,42387397000,42389797000,42401874000,42402296000,42403344000,12008000,3072,42389746000
237,534,42403400000,42413751000,42425794000,42426201000,42427246000,12009000,3072,42413725000
238,535,42427301000,42429793000,42441929000,42442422000,42443463000,12007000,3072,42429744000
239,370,42443518000,42443522000,42473737000,42474168000,42475228000,28012000,4096,42442398000
