method,load,requested_ns,slack_ns,begin_ns,end_ns,cpu_ns,rc,errno,expirations
0,0,1000000,50000,7639754000,7650227000,91000,0,0,0
0,0,1000000,50000,7650238000,7660112000,26000,0,0,0
0,0,1000000,50000,7660120000,7670022000,18000,0,0,0
0,0,1000000,50000,7670028000,7680013000,15000,0,0,0
0,0,1000000,50000,7680019000,7690148000,23000,0,0,0
0,0,1000000,50000,7690158000,7700022000,20000,0,0,0
0,0,1000000,50000,7700029000,7710012000,14000,0,0,0
0,0,1000000,50000,7710018000,7720072000,18000,0,0,0
0,0,1000000,50000,7720079000,7730017000,17000,0,0,0
0,0,1000000,50000,7730022000,7740012000,13000,0,0,0
0,0,1000000,50000,7740017000,7750019000,15000,0,0,0
0,0,1000000,50000,7750038000,7760013000,15000,0,0,0
0,0,1000000,50000,7760019000,7770012000,12000,0,0,0
0,0,1000000,50000,7770017000,7780018000,13000,0,0,0
0,0,1000000,50000,7780035000,7790015000,18000,0,0,0
0,0,1000000,50000,7790021000,7801650000,25000,0,0,0
0,0,1000000,50000,7801659000,7810062000,21000,0,0,0
0,0,1000000,50000,7810070000,7820016000,16000,0,0,0
0,0,1000000,50000,7820022000,7830035000,12000,0,0,0
0,0,1000000,50000,7830040000,7840029000,15000,0,0,0
0,0,1000000,50000,7840043000,7850013000,14000,0,0,0
0,0,1000000,50000,7850019000,7860011000,13000,0,0,0
0,0,1000000,50000,7860017000,7870020000,16000,0,0,0
0,0,1000000,50000,7870037000,7880012000,14000,0,0,0
0,0,2000000,50000,7880067000,7890014000,14000,0,0,0
0,0,2000000,50000,7890020000,7900033000,18000,0,0,0
0,0,2000000,50000,7900039000,7910012000,13000,0,0,0
0,0,2000000,50000,7910018000,7920010000,12000,0,0,0
0,0,2000000,50000,7920016000,7930017000,14000,0,0,0
0,0,2000000,50000,7930035000,7940032000,13000,0,0,0
0,0,2000000,50000,7940037000,7950012000,13000,0,0,0
0,0,2000000,50000,7950018000,7960018000,14000,0,0,0
0,0,2000000,50000,7960036000,7970012000,14000,0,0,0
0,0,2000000,50000,7970018000,7980011000,13000,0,0,0
0,0,2000000,50000,7980016000,7990017000,15000,0,0,0
0,0,2000000,50000,7990034000,8000014000,15000,0,0,0
0,0,2000000,50000,8000019000,8011639000,16000,0,0,0
0,0,2000000,50000,8011648000,8020053000,19000,0,0,0
0,0,2000000,50000,8020060000,8030015000,17000,0,0,0
0,0,2000000,50000,8030021000,8040012000,13000,0,0,0
0,0,2000000,50000,8040018000,8050054000,17000,0,0,0
0,0,2000000,50000,8050062000,8060014000,14000,0,0,0
0,0,2000000,50000,8060020000,8070012000,14000,0,0,0
0,0,2000000,50000,8070017000,8080027000,16000,0,0,0
0,0,2000000,50000,8080039000,8090012000,13000,0,0,0
0,0,2000000,50000,8090017000,8100011000,12000,0,0,0
0,0,2000000,50000,8100016000,8110018000,14000,0,0,0
0,0,2000000,50000,8110036000,8120011000,14000,0,0,0
0,0,5000000,50000,8120059000,8130014000,15000,0,0,0
0,0,5000000,50000,8130050000,8140043000,49000,0,0,0
0,0,5000000,50000,8140050000,8150014000,15000,0,0,0
0,0,5000000,50000,8150020000,8160032000,12000,0,0,0
0,0,5000000,50000,8160038000,8170054000,15000,0,0,0
0,0,5000000,50000,8170059000,8180015000,15000,0,0,0
0,0,5000000,50000,8180020000,8190012000,12000,0,0,0
0,0,5000000,50000,8190017000,8200031000,16000,0,0,0
0,0,5000000,50000,8200037000,8210014000,16000,0,0,0
0,0,5000000,50000,8210020000,8221593000,19000,0,0,0
0,0,5000000,50000,8221600000,8230057000,21000,0,0,0
0,0,5000000,50000,8230064000,8240017000,15000,0,0,0
0,0,5000000,50000,8240023000,8250011000,12000,0,0,0
0,0,5000000,50000,8250016000,8260024000,14000,0,0,0
0,0,5000000,50000,8260037000,8270033000,12000,0,0,0
0,0,5000000,50000,8270039000,8280014000,14000,0,0,0
0,0,5000000,50000,8280020000,8290022000,15000,0,0,0
0,0,5000000,50000,8290040000,8300012000,15000,0,0,0
0,0,5000000,50000,8300018000,8310010000,12000,0,0,0
0,0,5000000,50000,8310016000,8320019000,13000,0,0,0
0,0,5000000,50000,8320036000,8330012000,13000,0,0,0
0,0,5000000,50000,8330017000,8340011000,12000,0,0,0
0,0,5000000,50000,8340016000,8350018000,15000,0,0,0
0,0,5000000,50000,8350035000,8360012000,13000,0,0,0
1,0,1000000,50000,8360060000,8370013000,16000,0,0,0
1,0,1000000,50000,8370019000,8380042000,17000,0,0,0
1,0,1000000,50000,8380057000,8390014000,15000,0,0,0
1,0,1000000,50000,8390020000,8400011000,12000,0,0,0
1,0,1000000,50000,8400016000,8410019000,14000,0,0,0
1,0,1000000,50000,8410037000,8420016000,17000,0,0,0
1,0,1000000,50000,8420021000,8430016000,14000,0,0,0
1,0,1000000,50000,8430022000,8440052000,23000,0,0,0
1,0,1000000,50000,8440061000,8450017000,17000,0,0,0
1,0,1000000,50000,8450023000,8460012000,13000,0,0,0
1,0,1000000,50000,8460017000,8470024000,15000,0,0,0
1,0,1000000,50000,8470038000,8480012000,13000,0,0,0
1,0,1000000,50000,8480018000,8490033000,11000,0,0,0
1,0,1000000,50000,8490038000,8500036000,17000,0,0,0
1,0,1000000,50000,8500042000,8510014000,15000,0,0,0
1,0,1000000,50000,8510020000,8520011000,14000,0,0,0
1,0,1000000,50000,8520017000,8530018000,15000,0,0,0
1,0,1000000,50000,8530035000,8540013000,13000,0,0,0
1,0,1000000,50000,8540018000,8550012000,12000,0,0,0
1,0,1000000,50000,8550017000,8560018000,13000,0,0,0
1,0,1000000,50000,8560034000,8570013000,14000,0,0,0
1,0,1000000,50000,8570018000,8580010000,12000,0,0,0
1,0,1000000,50000,8580016000,8590017000,14000,0,0,0
1,0,1000000,50000,8590033000,8600027000,12000,0,0,0
1,0,2000000,50000,8600072000,8610014000,13000,0,0,0
1,0,2000000,50000,8610020000,8620025000,14000,0,0,0
1,0,2000000,50000,8620038000,8630014000,17000,0,0,0
1,0,2000000,50000,8630020000,8640014000,13000,0,0,0
1,0,2000000,50000,8640020000,8650029000,16000,0,0,0
1,0,2000000,50000,8650036000,8660033000,15000,0,0,0
1,0,2000000,50000,8660040000,8670014000,16000,0,0,0
1,0,2000000,50000,8670020000,8680037000,17000,0,0,0
1,0,2000000,50000,8680050000,8690013000,15000,0,0,0
1,0,2000000,50000,8690019000,8700012000,13000,0,0,0
1,0,2000000,50000,8700018000,8710052000,18000,0,0,0
1,0,2000000,50000,8710058000,8720015000,16000,0,0,0
1,0,2000000,50000,8720021000,8730013000,14000,0,0,0
1,0,2000000,50000,8730019000,8740019000,15000,0,0,0
1,0,2000000,50000,8740029000,8750012000,14000,0,0,0
1,0,2000000,50000,8750017000,8760011000,12000,0,0,0
1,0,2000000,50000,8760017000,8770017000,15000,0,0,0
1,0,2000000,50000,8770051000,8780018000,41000,0,0,0
1,0,2000000,50000,8780024000,8790013000,14000,0,0,0
1,0,2000000,50000,8790019000,8800024000,17000,0,0,0
1,0,2000000,50000,8800030000,8810012000,14000,0,0,0
1,0,2000000,50000,8810018000,8820028000,13000,0,0,0
1,0,2000000,50000,8820034000,8830021000,14000,0,0,0
1,0,2000000,50000,8830031000,8840015000,16000,0,0,0
1,0,5000000,50000,8840061000,8850016000,17000,0,0,0
1,0,5000000,50000,8850022000,8860033000,20000,0,0,0
1,0,5000000,50000,8860041000,8870016000,17000,0,0,0
1,0,5000000,50000,8870022000,8880013000,13000,0,0,0
1,0,5000000,50000,8880019000,8890020000,15000,0,0,0
1,0,5000000,50000,8890031000,8900013000,13000,0,0,0
1,0,5000000,50000,8900019000,8910012000,12000,0,0,0
1,0,5000000,50000,8910017000,8920021000,14000,0,0,0
1,0,5000000,50000,8920031000,8930032000,13000,0,0,0
1,0,5000000,50000,8930038000,8940013000,13000,0,0,0
1,0,5000000,50000,8940018000,8950021000,15000,0,0,0
1,0,5000000,50000,8950032000,8960012000,14000,0,0,0
1,0,5000000,50000,8960018000,8970011000,12000,0,0,0
1,0,5000000,50000,8970016000,8980017000,15000,0,0,0
1,0,5000000,50000,8980028000,8990012000,13000,0,0,0
1,0,5000000,50000,8990018000,9000010000,12000,0,0,0
1,0,5000000,50000,9000016000,9010018000,14000,0,0,0
1,0,5000000,50000,9010028000,9020012000,13000,0,0,0
1,0,5000000,50000,9020017000,9030012000,12000,0,0,0
1,0,5000000,50000,9030017000,9040033000,15000,0,0,0
1,0,5000000,50000,9040044000,9050016000,17000,0,0,0
1,0,5000000,50000,9050022000,9060013000,13000,0,0,0
1,0,5000000,50000,9060019000,9070029000,17000,0,0,0
1,0,5000000,50000,9070036000,9080015000,16000,0,0,0
2,0,1000000,50000,9080063000,9090022000,57000,0,0,0
2,0,1000000,50000,9090029000,9100032000,21000,0,0,0
2,0,1000000,50000,9100039000,9110016000,15000,0,0,0
2,0,1000000,50000,9110022000,9120012000,14000,0,0,0
2,0,1000000,50000,9120017000,9130028000,17000,0,0,0
2,0,1000000,50000,9130034000,9140013000,15000,0,0,0
2,0,1000000,50000,9140019000,9150039000,14000,0,0,0
2,0,1000000,50000,9150046000,9160029000,18000,0,0,0
2,0,1000000,50000,9160035000,9170013000,14000,0,0,0
2,0,1000000,50000,9170018000,9180011000,13000,0,0,0
2,0,1000000,50000,9180016000,9190042000,18000,0,0,0
2,0,1000000,50000,9190048000,9200015000,17000,0,0,0
2,0,1000000,50000,9200021000,9210012000,12000,0,0,0
2,0,1000000,50000,9210017000,9220023000,16000,0,0,0
2,0,1000000,50000,9220029000,9230012000,15000,0,0,0
2,0,1000000,50000,9230018000,9240011000,14000,0,0,0
2,0,1000000,50000,9240017000,9250022000,16000,0,0,0
2,0,1000000,50000,9250028000,9260033000,12000,0,0,0
2,0,1000000,50000,9260039000,9270016000,15000,0,0,0
2,0,1000000,50000,9270022000,9280036000,21000,0,0,0
2,0,1000000,50000,9280046000,9290019000,23000,0,0,0
2,0,1000000,50000,9290026000,9300013000,15000,0,0,0
2,0,1000000,50000,9300019000,9310015000,13000,0,0,0
2,0,1000000,50000,9310020000,9320012000,13000,0,0,0
2,0,2000000,50000,9320060000,9330015000,17000,0,0,0
2,0,2000000,50000,9330021000,9340017000,16000,0,0,0
2,0,2000000,50000,9340023000,9350013000,16000,0,0,0
2,0,2000000,50000,9350019000,9360012000,14000,0,0,0
2,0,2000000,50000,9360017000,9370038000,12000,0,0,0
2,0,2000000,50000,9370043000,9380014000,16000,0,0,0
2,0,2000000,50000,9380020000,9390013000,13000,0,0,0
2,0,2000000,50000,9390019000,9400014000,13000,0,0,0
2,0,2000000,50000,9400019000,9410013000,14000,0,0,0
2,0,2000000,50000,9410046000,9420019000,45000,0,0,0
2,0,2000000,50000,9420026000,9430019000,14000,0,0,0
2,0,2000000,50000,9430025000,9440013000,16000,0,0,0
2,0,2000000,50000,9440019000,9450013000,14000,0,0,0
2,0,2000000,50000,9450018000,9460014000,13000,0,0,0
2,0,2000000,50000,9460019000,9470015000,16000,0,0,0
2,0,2000000,50000,9470020000,9480036000,14000,0,0,0
2,0,2000000,50000,9480043000,9490036000,21000,0,0,0
2,0,2000000,50000,9490045000,9500016000,21000,0,0,0
2,0,2000000,50000,9500023000,9510014000,14000,0,0,0
2,0,2000000,50000,9510019000,9520026000,19000,0,0,0
2,0,2000000,50000,9520032000,9530013000,15000,0,0,0
2,0,2000000,50000,9530019000,9540013000,14000,0,0,0
2,0,2000000,50000,9540018000,9550021000,15000,0,0,0
2,0,2000000,50000,9550032000,9560013000,14000,0,0,0
2,0,5000000,50000,9560059000,9570013000,16000,0,0,0
2,0,5000000,50000,9570019000,9580024000,17000,0,0,0
2,0,5000000,50000,9580030000,9590036000,13000,0,0,0
2,0,5000000,50000,9590042000,9600014000,14000,0,0,0
2,0,5000000,50000,9600020000,9610026000,18000,0,0,0
2,0,5000000,50000,9610032000,9620014000,15000,0,0,0
2,0,5000000,50000,9620020000,9630011000,14000,0,0,0
2,0,5000000,50000,9630017000,9640019000,15000,0,0,0
2,0,5000000,50000,9640029000,9650013000,13000,0,0,0
2,0,5000000,50000,9650018000,9660011000,13000,0,0,0
2,0,5000000,50000,9660016000,9670018000,15000,0,0,0
2,0,5000000,50000,9670028000,9680015000,16000,0,0,0
2,0,5000000,50000,9680020000,9690014000,13000,0,0,0
2,0,5000000,50000,9690019000,9700074000,16000,0,0,0
2,0,5000000,50000,9700082000,9710018000,21000,0,0,0
2,0,5000000,50000,9710026000,9720012000,15000,0,0,0
2,0,5000000,50000,9720018000,9730026000,18000,0,0,0
2,0,5000000,50000,9730032000,9740013000,14000,0,0,0
2,0,5000000,50000,9740018000,9750011000,13000,0,0,0
2,0,5000000,50000,9750016000,9760028000,16000,0,0,0
2,0,5000000,50000,9760034000,9770012000,13000,0,0,0
2,0,5000000,50000,9770018000,9780011000,12000,0,0,0
2,0,5000000,50000,9780016000,9790018000,14000,0,0,0
2,0,5000000,50000,9790027000,9800012000,14000,0,0,0
3,0,1000000,50000,9800057000,9810064000,66000,1,0,1
3,0,1000000,50000,9810071000,9820046000,32000,1,0,1
3,0,1000000,50000,9820053000,9830024000,30000,1,0,1
3,0,1000000,50000,9830031000,9840018000,24000,1,0,1
3,0,1000000,50000,9840024000,9850034000,26000,1,0,1
3,0,1000000,50000,9850040000,9860019000,24000,1,0,1
3,0,1000000,50000,9860025000,9870016000,23000,1,0,1
3,0,1000000,50000,9870022000,9880030000,24000,1,0,1
3,0,1000000,50000,9880035000,9890021000,26000,1,0,1
3,0,1000000,50000,9890027000,9900019000,23000,1,0,1
3,0,1000000,50000,9900025000,9910043000,32000,1,0,1
3,0,1000000,50000,9910052000,9920051000,27000,1,0,1
3,0,1000000,50000,9920058000,9930023000,26000,1,0,1
3,0,1000000,50000,9930029000,9940035000,27000,1,0,1
3,0,1000000,50000,9940041000,9950019000,25000,1,0,1
3,0,1000000,50000,9950025000,9960018000,21000,1,0,1
3,0,1000000,50000,9960023000,9970035000,26000,1,0,1
3,0,1000000,50000,9970041000,9980019000,24000,1,0,1
3,0,1000000,50000,9980024000,9990017000,22000,1,0,1
3,0,1000000,50000,9990022000,10000030000,24000,1,0,1
3,0,1000000,50000,10000036000,10010018000,22000,1,0,1
3,0,1000000,50000,10010024000,10020016000,21000,1,0,1
3,0,1000000,50000,10020021000,10030053000,27000,1,0,1
3,0,1000000,50000,10030058000,10040020000,23000,1,0,1
3,0,2000000,50000,10040067000,10050021000,25000,1,0,1
3,0,2000000,50000,10050051000,10060044000,55000,1,0,1
3,0,2000000,50000,10060051000,10070020000,27000,1,0,1
3,0,2000000,50000,10070026000,10080017000,22000,1,0,1
3,0,2000000,50000,10080023000,10090031000,26000,1,0,1
3,0,2000000,50000,10090037000,10100021000,25000,1,0,1
3,0,2000000,50000,10100026000,10110018000,23000,1,0,1
3,0,2000000,50000,10110024000,10120045000,34000,1,0,1
3,0,2000000,50000,10120055000,10130025000,31000,1,0,1
3,0,2000000,50000,10130032000,10140047000,26000,1,0,1
3,0,2000000,50000,10140053000,10150040000,29000,1,0,1
3,0,2000000,50000,10150046000,10160019000,23000,1,0,1
3,0,2000000,50000,10160025000,10170018000,24000,1,0,1
3,0,2000000,50000,10170024000,10180033000,26000,1,0,1
3,0,2000000,50000,10180040000,10190018000,25000,1,0,1
3,0,2000000,50000,10190024000,10200016000,22000,1,0,1
3,0,2000000,50000,10200022000,10210051000,25000,1,0,1
3,0,2000000,50000,10210058000,10220020000,24000,1,0,1
3,0,2000000,50000,10220026000,10230017000,22000,1,0,1
3,0,2000000,50000,10230023000,10240031000,24000,1,0,1
3,0,2000000,50000,10240036000,10250040000,21000,1,0,1
3,0,2000000,50000,10250046000,10260020000,25000,1,0,1
3,0,2000000,50000,10260026000,10270032000,27000,1,0,1
3,0,2000000,50000,10270038000,10280021000,25000,1,0,1
3,0,5000000,50000,10280067000,10290020000,24000,1,0,1
3,0,5000000,50000,10290026000,10300032000,25000,1,0,1
3,0,5000000,50000,10300038000,10310020000,26000,1,0,1
3,0,5000000,50000,10310026000,10320019000,22000,1,0,1
3,0,5000000,50000,10320025000,10330045000,32000,1,0,1
3,0,5000000,50000,10330054000,10340024000,30000,1,0,1
3,0,5000000,50000,10340031000,10350020000,24000,1,0,1
3,0,5000000,50000,10350025000,10360046000,21000,1,0,1
3,0,5000000,50000,10360051000,10370020000,25000,1,0,1
3,0,5000000,50000,10370027000,10380018000,23000,1,0,1
3,0,5000000,50000,10380023000,10390022000,23000,1,0,1
3,0,5000000,50000,10390028000,10400019000,24000,1,0,1
3,0,5000000,50000,10400025000,10410016000,22000,1,0,1
3,0,5000000,50000,10410022000,10420030000,26000,1,0,1
3,0,5000000,50000,10420036000,10430022000,23000,1,0,1
3,0,5000000,50000,10430028000,10440017000,22000,1,0,1
3,0,5000000,50000,10440022000,10450030000,24000,1,0,1
3,0,5000000,50000,10450036000,10460017000,23000,1,0,1
3,0,5000000,50000,10460023000,10470037000,20000,1,0,1
3,0,5000000,50000,10470042000,10480032000,24000,1,0,1
3,0,5000000,50000,10480038000,10490018000,25000,1,0,1
3,0,5000000,50000,10490024000,10500017000,21000,1,0,1
3,0,5000000,50000,10500022000,10510030000,23000,1,0,1
3,0,5000000,50000,10510035000,10520021000,25000,1,0,1
0,1,1000000,50000,10522217000,10531690000,41000,0,0,0
0,1,1000000,50000,10531699000,10540044000,21000,0,0,0
0,1,1000000,50000,10540051000,10550020000,20000,0,0,0
0,1,1000000,50000,10550027000,10560014000,16000,0,0,0
0,1,1000000,50000,10560020000,10570015000,13000,0,0,0
0,1,1000000,50000,10570021000,10580056000,14000,0,0,0
0,1,1000000,50000,10580062000,10590015000,14000,0,0,0
0,1,1000000,50000,10590020000,10600019000,16000,0,0,0
0,1,1000000,50000,10600025000,10610009000,13000,0,0,0
0,1,1000000,50000,10610015000,10620008000,13000,0,0,0
0,1,1000000,50000,10620014000,10630014000,12000,0,0,0
0,1,1000000,50000,10630020000,10640008000,13000,0,0,0
0,1,1000000,50000,10640014000,10650008000,13000,0,0,0
0,1,1000000,50000,10650013000,10660008000,12000,0,0,0
0,1,1000000,50000,10660013000,10670008000,11000,0,0,0
0,1,1000000,50000,10670014000,10680008000,13000,0,0,0
0,1,1000000,50000,10680013000,10690039000,24000,0,0,0
0,1,1000000,50000,10690070000,10700019000,43000,0,0,0
0,1,1000000,50000,10700025000,10710014000,15000,0,0,0
0,1,1000000,50000,10710019000,10720040000,12000,0,0,0
0,1,1000000,50000,10720045000,10730011000,13000,0,0,0
0,1,1000000,50000,10730017000,10740015000,16000,0,0,0
0,1,1000000,50000,10740021000,10750038000,19000,0,0,0
0,1,1000000,50000,10750045000,10760018000,18000,0,0,0
0,1,2000000,50000,10760072000,10770015000,17000,0,0,0
0,1,2000000,50000,10770021000,10780018000,13000,0,0,0
0,1,2000000,50000,10780023000,10790009000,14000,0,0,0
0,1,2000000,50000,10790015000,10800011000,14000,0,0,0
0,1,2000000,50000,10800017000,10810008000,13000,0,0,0
0,1,2000000,50000,10810013000,10820012000,14000,0,0,0
0,1,2000000,50000,10820018000,10830013000,15000,0,0,0
0,1,2000000,50000,10830018000,10840014000,12000,0,0,0
0,1,2000000,50000,10840020000,10850008000,13000,0,0,0
0,1,2000000,50000,10850014000,10860008000,13000,0,0,0
0,1,2000000,50000,10860013000,10870008000,12000,0,0,0
0,1,2000000,50000,10870013000,10880012000,13000,0,0,0
0,1,2000000,50000,10880017000,10890012000,13000,0,0,0
0,1,2000000,50000,10890017000,10900034000,23000,0,0,0
0,1,2000000,50000,10900040000,10910008000,13000,0,0,0
0,1,2000000,50000,10910014000,10920011000,13000,0,0,0
0,1,2000000,50000,10920016000,10930014000,11000,0,0,0
0,1,2000000,50000,10930019000,10940008000,12000,0,0,0
0,1,2000000,50000,10940014000,10951584000,20000,0,0,0
0,1,2000000,50000,10951591000,10960030000,17000,0,0,0
0,1,2000000,50000,10960036000,10970018000,15000,0,0,0
0,1,2000000,50000,10970024000,10980012000,14000,0,0,0
0,1,2000000,50000,10980017000,10990015000,12000,0,0,0
0,1,2000000,50000,10990020000,11000012000,14000,0,0,0
0,1,5000000,50000,11000059000,11010039000,14000,0,0,0
0,1,5000000,50000,11010045000,11020023000,16000,0,0,0
0,1,5000000,50000,11020028000,11030009000,12000,0,0,0
0,1,5000000,50000,11030014000,11040008000,13000,0,0,0
0,1,5000000,50000,11040014000,11050008000,12000,0,0,0
0,1,5000000,50000,11050013000,11060008000,11000,0,0,0
0,1,5000000,50000,11060013000,11070007000,13000,0,0,0
0,1,5000000,50000,11070013000,11080007000,12000,0,0,0
0,1,5000000,50000,11080012000,11090008000,12000,0,0,0
0,1,5000000,50000,11090014000,11100008000,13000,0,0,0
0,1,5000000,50000,11100013000,11110014000,12000,0,0,0
0,1,5000000,50000,11110019000,11120030000,10000,0,0,0
0,1,5000000,50000,11120035000,11130013000,14000,0,0,0
0,1,5000000,50000,11130018000,11140015000,12000,0,0,0
0,1,5000000,50000,11140020000,11150008000,12000,0,0,0
0,1,5000000,50000,11150013000,11161580000,17000,0,0,0
0,1,5000000,50000,11161587000,11170027000,15000,0,0,0
0,1,5000000,50000,11170033000,11180018000,15000,0,0,0
0,1,5000000,50000,11180024000,11190013000,15000,0,0,0
0,1,5000000,50000,11190019000,11200016000,12000,0,0,0
0,1,5000000,50000,11200021000,11210014000,14000,0,0,0
0,1,5000000,50000,11210019000,11220013000,14000,0,0,0
0,1,5000000,50000,11220018000,11230055000,11000,0,0,0
0,1,5000000,50000,11230060000,11240016000,16000,0,0,0
1,1,1000000,50000,11240062000,11250014000,16000,0,0,0
1,1,1000000,50000,11250019000,11260017000,13000,0,0,0
1,1,1000000,50000,11260022000,11270013000,14000,0,0,0
1,1,1000000,50000,11270019000,11280012000,15000,0,0,0
1,1,1000000,50000,11280017000,11290014000,11000,0,0,0
1,1,1000000,50000,11290019000,11300013000,13000,0,0,0
1,1,1000000,50000,11300018000,11310012000,13000,0,0,0
1,1,1000000,50000,11310017000,11320014000,10000,0,0,0
1,1,1000000,50000,11320019000,11330013000,14000,0,0,0
1,1,1000000,50000,11330045000,11340037000,38000,0,0,0
1,1,1000000,50000,11340043000,11350019000,13000,0,0,0
1,1,1000000,50000,11350025000,11360016000,16000,0,0,0
1,1,1000000,50000,11360022000,11370015000,15000,0,0,0
1,1,1000000,50000,11370020000,11380033000,17000,0,0,0
1,1,1000000,50000,11380040000,11390017000,17000,0,0,0
1,1,1000000,50000,11390024000,11400013000,15000,0,0,0
1,1,1000000,50000,11400018000,11410016000,12000,0,0,0
1,1,1000000,50000,11410021000,11420009000,11000,0,0,0
1,1,1000000,50000,11420014000,11430008000,13000,0,0,0
1,1,1000000,50000,11430013000,11440018000,16000,0,0,0
1,1,1000000,50000,11440024000,11450041000,12000,0,0,0
1,1,1000000,50000,11450046000,11460013000,14000,0,0,0
1,1,1000000,50000,11460019000,11470015000,12000,0,0,0
1,1,1000000,50000,11470020000,11480008000,11000,0,0,0
1,1,2000000,50000,11480066000,11490014000,16000,0,0,0
1,1,2000000,50000,11490019000,11500015000,12000,0,0,0
1,1,2000000,50000,11500020000,11510009000,11000,0,0,0
1,1,2000000,50000,11510014000,11520011000,14000,0,0,0
1,1,2000000,50000,11520017000,11530014000,11000,0,0,0
1,1,2000000,50000,11530019000,11540008000,11000,0,0,0
1,1,2000000,50000,11540014000,11550008000,12000,0,0,0
1,1,2000000,50000,11550013000,11560038000,10000,0,0,0
1,1,2000000,50000,11560043000,11570008000,12000,0,0,0
1,1,2000000,50000,11570013000,11581580000,19000,0,0,0
1,1,2000000,50000,11581587000,11590031000,17000,0,0,0
1,1,2000000,50000,11590038000,11600009000,15000,0,0,0
1,1,2000000,50000,11600015000,11610012000,13000,0,0,0
1,1,2000000,50000,11610017000,11620016000,12000,0,0,0
1,1,2000000,50000,11620021000,11630008000,11000,0,0,0
1,1,2000000,50000,11630013000,11640008000,13000,0,0,0
1,1,2000000,50000,11640013000,11650008000,12000,0,0,0
1,1,2000000,50000,11650013000,11660008000,12000,0,0,0
1,1,2000000,50000,11660013000,11670016000,15000,0,0,0
1,1,2000000,50000,11670021000,11680017000,13000,0,0,0
1,1,2000000,50000,11680022000,11690008000,12000,0,0,0
1,1,2000000,50000,11690014000,11700008000,12000,0,0,0
1,1,2000000,50000,11700014000,11710015000,12000,0,0,0
1,1,2000000,50000,11710020000,11720008000,11000,0,0,0
1,1,5000000,50000,11720063000,11730013000,14000,0,0,0
1,1,5000000,50000,11730018000,11740030000,10000,0,0,0
1,1,5000000,50000,11740035000,11750009000,12000,0,0,0
1,1,5000000,50000,11750014000,11760008000,13000,0,0,0
1,1,5000000,50000,11760013000,11770033000,12000,0,0,0
1,1,5000000,50000,11770038000,11780009000,12000,0,0,0
1,1,5000000,50000,11780015000,11791577000,17000,0,0,0
1,1,5000000,50000,11791585000,11800031000,17000,0,0,0
1,1,5000000,50000,11800037000,11810010000,13000,0,0,0
1,1,5000000,50000,11810016000,11820008000,13000,0,0,0
1,1,5000000,50000,11820013000,11830008000,12000,0,0,0
1,1,5000000,50000,11830013000,11840008000,11000,0,0,0
1,1,5000000,50000,11840014000,11850008000,13000,0,0,0
1,1,5000000,50000,11850013000,11860008000,12000,0,0,0
1,1,5000000,50000,11860013000,11870008000,11000,0,0,0
1,1,5000000,50000,11870013000,11880038000,12000,0,0,0
1,1,5000000,50000,11880043000,11890016000,13000,0,0,0
1,1,5000000,50000,11890021000,11900013000,15000,0,0,0
1,1,5000000,50000,11900019000,11910012000,14000,0,0,0
1,1,5000000,50000,11910017000,11920014000,12000,0,0,0
1,1,5000000,50000,11920019000,11930013000,12000,0,0,0
1,1,5000000,50000,11930018000,11940012000,13000,0,0,0
1,1,5000000,50000,11940017000,11950014000,12000,0,0,0
1,1,5000000,50000,11950019000,11960008000,11000,0,0,0
2,1,1000000,50000,11960065000,11970018000,28000,0,0,0
2,1,1000000,50000,11970050000,11980024000,44000,0,0,0
2,1,1000000,50000,11980030000,11990047000,14000,0,0,0
2,1,1000000,50000,11990053000,12000017000,17000,0,0,0
2,1,1000000,50000,12000023000,12010036000,20000,0,0,0
2,1,1000000,50000,12010046000,12020020000,20000,0,0,0
2,1,1000000,50000,12020026000,12030016000,18000,0,0,0
2,1,1000000,50000,12030021000,12040015000,12000,0,0,0
2,1,1000000,50000,12040020000,12050009000,12000,0,0,0
2,1,1000000,50000,12050014000,12060012000,15000,0,0,0
2,1,1000000,50000,12060017000,12070008000,12000,0,0,0
2,1,1000000,50000,12070013000,12080014000,14000,0,0,0
2,1,1000000,50000,12080020000,12090013000,15000,0,0,0
2,1,1000000,50000,12090019000,12100039000,13000,0,0,0
2,1,1000000,50000,12100044000,12110016000,17000,0,0,0
2,1,1000000,50000,12110022000,12120014000,14000,0,0,0
2,1,1000000,50000,12120019000,12130015000,13000,0,0,0
2,1,1000000,50000,12130020000,12140014000,14000,0,0,0
2,1,1000000,50000,12140019000,12150012000,15000,0,0,0
2,1,1000000,50000,12150017000,12160014000,13000,0,0,0
2,1,1000000,50000,12160020000,12170009000,13000,0,0,0
2,1,1000000,50000,12170014000,12180012000,13000,0,0,0
2,1,1000000,50000,12180017000,12190014000,11000,0,0,0
2,1,1000000,50000,12190019000,12200015000,16000,0,0,0
2,1,2000000,50000,12200064000,12211598000,22000,0,0,0
2,1,2000000,50000,12211607000,12220031000,19000,0,0,0
2,1,2000000,50000,12220037000,12230016000,17000,0,0,0
2,1,2000000,50000,12230023000,12240013000,15000,0,0,0
2,1,2000000,50000,12240018000,12250034000,13000,0,0,0
2,1,2000000,50000,12250039000,12260015000,16000,0,0,0
2,1,2000000,50000,12260021000,12270012000,15000,0,0,0
2,1,2000000,50000,12270018000,12280017000,16000,0,0,0
2,1,2000000,50000,12280022000,12290013000,13000,0,0,0
2,1,2000000,50000,12290019000,12300013000,14000,0,0,0
2,1,2000000,50000,12300018000,12310014000,12000,0,0,0
2,1,2000000,50000,12310019000,12320041000,11000,0,0,0
2,1,2000000,50000,12320046000,12330023000,20000,0,0,0
2,1,2000000,50000,12330029000,12340018000,17000,0,0,0
2,1,2000000,50000,12340024000,12350015000,14000,0,0,0
2,1,2000000,50000,12350021000,12360013000,16000,0,0,0
2,1,2000000,50000,12360018000,12370015000,13000,0,0,0
2,1,2000000,50000,12370020000,12380009000,13000,0,0,0
2,1,2000000,50000,12380014000,12390008000,13000,0,0,0
2,1,2000000,50000,12390013000,12400015000,12000,0,0,0
2,1,2000000,50000,12400020000,12410015000,16000,0,0,0
2,1,2000000,50000,12410021000,12421587000,20000,0,0,0
2,1,2000000,50000,12421595000,12430062000,16000,0,0,0
2,1,2000000,50000,12430068000,12440018000,19000,0,0,0
2,1,5000000,50000,12440067000,12450015000,17000,0,0,0
2,1,5000000,50000,12450021000,12460017000,14000,0,0,0
2,1,5000000,50000,12460022000,12470009000,13000,0,0,0
2,1,5000000,50000,12470015000,12480009000,14000,0,0,0
2,1,5000000,50000,12480014000,12490008000,13000,0,0,0
2,1,5000000,50000,12490013000,12500009000,13000,0,0,0
2,1,5000000,50000,12500014000,12510008000,13000,0,0,0
2,1,5000000,50000,12510013000,12520008000,12000,0,0,0
2,1,5000000,50000,12520013000,12530008000,13000,0,0,0
2,1,5000000,50000,12530014000,12540038000,14000,0,0,0
2,1,5000000,50000,12540044000,12550016000,13000,0,0,0
2,1,5000000,50000,12550021000,12560013000,14000,0,0,0
2,1,5000000,50000,12560018000,12570012000,14000,0,0,0
2,1,5000000,50000,12570017000,12580015000,12000,0,0,0
2,1,5000000,50000,12580020000,12590008000,13000,0,0,0
2,1,5000000,50000,12590014000,12600008000,14000,0,0,0
2,1,5000000,50000,12600013000,12610008000,13000,0,0,0
2,1,5000000,50000,12610051000,12620020000,60000,0,0,0
2,1,5000000,50000,12620027000,12631594000,21000,0,0,0
2,1,5000000,50000,12631602000,12640033000,18000,0,0,0
2,1,5000000,50000,12640041000,12650043000,15000,0,0,0
2,1,5000000,50000,12650048000,12660015000,16000,0,0,0
2,1,5000000,50000,12660021000,12670017000,14000,0,0,0
2,1,5000000,50000,12670022000,12680010000,13000,0,0,0
3,1,1000000,50000,12680071000,12690027000,40000,1,0,1
3,1,1000000,50000,12690033000,12700025000,26000,1,0,1
3,1,1000000,50000,12700031000,12710019000,25000,1,0,1
3,1,1000000,50000,12710025000,12720023000,26000,1,0,1
3,1,1000000,50000,12720028000,12730021000,21000,1,0,1
3,1,1000000,50000,12730027000,12740013000,21000,1,0,1
3,1,1000000,50000,12740019000,12750016000,32000,1,0,1
3,1,1000000,50000,12750022000,12760059000,22000,1,0,1
3,1,1000000,50000,12760065000,12770023000,27000,1,0,1
3,1,1000000,50000,12770029000,12780019000,23000,1,0,1
3,1,1000000,50000,12780025000,12790020000,21000,1,0,1
3,1,1000000,50000,12790025000,12800013000,21000,1,0,1
3,1,1000000,50000,12800019000,12810017000,33000,1,0,1
3,1,1000000,50000,12810023000,12820021000,21000,1,0,1
3,1,1000000,50000,12820026000,12830014000,21000,1,0,1
3,1,1000000,50000,12830019000,12840021000,35000,1,0,1
3,1,1000000,50000,12840027000,12850043000,30000,1,0,1
3,1,1000000,50000,12850051000,12860026000,33000,1,0,1
3,1,1000000,50000,12860033000,12870043000,23000,1,0,1
3,1,1000000,50000,12870048000,12880026000,23000,1,0,1
3,1,1000000,50000,12880031000,12890015000,22000,1,0,1
3,1,1000000,50000,12890021000,12900018000,35000,1,0,1
3,1,1000000,50000,12900024000,12910023000,24000,1,0,1
3,1,1000000,50000,12910029000,12920014000,21000,1,0,1
3,1,2000000,50000,12920071000,12930020000,27000,1,0,1
3,1,2000000,50000,12930026000,12940021000,21000,1,0,1
3,1,2000000,50000,12940027000,12950014000,22000,1,0,1
3,1,2000000,50000,12950020000,12960017000,33000,1,0,1
3,1,2000000,50000,12960022000,12970019000,20000,1,0,1
3,1,2000000,50000,12970024000,12980045000,22000,1,0,1
3,1,2000000,50000,12980051000,12990020000,24000,1,0,1
3,1,2000000,50000,12990026000,13000022000,22000,1,0,1
3,1,2000000,50000,13000027000,13010014000,21000,1,0,1
3,1,2000000,50000,13010019000,13020017000,33000,1,0,1
3,1,2000000,50000,13020023000,13030022000,22000,1,0,1
3,1,2000000,50000,13030027000,13040014000,21000,1,0,1
3,1,2000000,50000,13040019000,13051589000,42000,1,0,1
3,1,2000000,50000,13051597000,13060039000,30000,1,0,1
3,1,2000000,50000,13060045000,13070022000,27000,1,0,1
3,1,2000000,50000,13070028000,13080019000,25000,1,0,1
3,1,2000000,50000,13080024000,13090045000,22000,1,0,1
3,1,2000000,50000,13090050000,13100021000,24000,1,0,1
3,1,2000000,50000,13100027000,13110018000,24000,1,0,1
3,1,2000000,50000,13110023000,13120022000,23000,1,0,1
3,1,2000000,50000,13120027000,13130014000,22000,1,0,1
3,1,2000000,50000,13130020000,13140018000,31000,1,0,1
3,1,2000000,50000,13140023000,13150020000,21000,1,0,1
3,1,2000000,50000,13150025000,13160014000,20000,1,0,1
3,1,5000000,50000,13160071000,13170018000,25000,1,0,1
3,1,5000000,50000,13170024000,13180020000,20000,1,0,1
3,1,5000000,50000,13180025000,13190013000,22000,1,0,1
3,1,5000000,50000,13190019000,13200036000,30000,1,0,1
3,1,5000000,50000,13200041000,13210022000,22000,1,0,1
3,1,5000000,50000,13210027000,13220014000,21000,1,0,1
3,1,5000000,50000,13220020000,13230017000,33000,1,0,1
3,1,5000000,50000,13230022000,13240019000,21000,1,0,1
3,1,5000000,50000,13240025000,13250013000,21000,1,0,1
3,1,5000000,50000,13250057000,13261606000,73000,1,0,1
3,1,5000000,50000,13261615000,13270059000,27000,1,0,1
3,1,5000000,50000,13270065000,13280027000,28000,1,0,1
3,1,5000000,50000,13280034000,13290019000,26000,1,0,1
3,1,5000000,50000,13290024000,13300020000,21000,1,0,1
3,1,5000000,50000,13300026000,13310052000,23000,1,0,1
3,1,5000000,50000,13310058000,13320023000,27000,1,0,1
3,1,5000000,50000,13320029000,13330025000,26000,1,0,1
3,1,5000000,50000,13330031000,13340014000,23000,1,0,1
3,1,5000000,50000,13340020000,13350017000,33000,1,0,1
3,1,5000000,50000,13350023000,13360021000,22000,1,0,1
3,1,5000000,50000,13360026000,13370014000,20000,1,0,1
3,1,5000000,50000,13370019000,13380016000,32000,1,0,1
3,1,5000000,50000,13380022000,13390019000,20000,1,0,1
3,1,5000000,50000,13390024000,13400014000,21000,1,0,1
0,0,1000000,1,13403617000,13410046000,39000,0,0,0
0,0,1000000,1,13410053000,13420085000,25000,0,0,0
0,0,1000000,1,13420091000,13430026000,20000,0,0,0
0,0,1000000,1,13430032000,13440012000,15000,0,0,0
0,0,1000000,1,13440018000,13450027000,15000,0,0,0
0,0,1000000,1,13450033000,13460016000,18000,0,0,0
0,0,1000000,1,13460023000,13471636000,22000,0,0,0
0,0,1000000,1,13471645000,13480055000,23000,0,0,0
0,0,1000000,1,13480062000,13490018000,17000,0,0,0
0,0,1000000,1,13490024000,13500012000,14000,0,0,0
0,0,1000000,1,13500017000,13510019000,16000,0,0,0
0,0,1000000,1,13510029000,13520012000,14000,0,0,0
0,0,1000000,1,13520018000,13530036000,14000,0,0,0
0,0,1000000,1,13530042000,13540032000,17000,0,0,0
0,0,1000000,1,13540038000,13550013000,14000,0,0,0
0,0,1000000,1,13550018000,13560011000,12000,0,0,0
0,0,1000000,1,13560016000,13570018000,14000,0,0,0
0,0,1000000,1,13570027000,13580011000,13000,0,0,0
0,0,1000000,1,13580017000,13590011000,12000,0,0,0
0,0,1000000,1,13590016000,13600017000,14000,0,0,0
0,0,1000000,1,13600027000,13610012000,13000,0,0,0
0,0,1000000,1,13610017000,13620010000,12000,0,0,0
0,0,1000000,1,13620016000,13630017000,15000,0,0,0
0,0,1000000,1,13630027000,13640031000,12000,0,0,0
0,0,2000000,1,13640084000,13650015000,16000,0,0,0
0,0,2000000,1,13650021000,13660027000,18000,0,0,0
0,0,2000000,1,13660033000,13670015000,16000,0,0,0
0,0,2000000,1,13670021000,13680014000,14000,0,0,0
0,0,2000000,1,13680020000,13690049000,25000,0,0,0
0,0,2000000,1,13690057000,13700016000,17000,0,0,0
0,0,2000000,1,13700023000,13710012000,12000,0,0,0
0,0,2000000,1,13710018000,13720023000,16000,0,0,0
0,0,2000000,1,13720029000,13730013000,14000,0,0,0
0,0,2000000,1,13730018000,13740011000,13000,0,0,0
0,0,2000000,1,13740017000,13750049000,17000,0,0,0
0,0,2000000,1,13750055000,13760014000,15000,0,0,0
0,0,2000000,1,13760020000,13770012000,13000,0,0,0
0,0,2000000,1,13770017000,13780038000,18000,0,0,0
0,0,2000000,1,13780050000,13790013000,14000,0,0,0
0,0,2000000,1,13790019000,13800011000,12000,0,0,0
0,0,2000000,1,13800016000,13810019000,15000,0,0,0
0,0,2000000,1,13810030000,13820013000,15000,0,0,0
0,0,2000000,1,13820019000,13830012000,12000,0,0,0
0,0,2000000,1,13830017000,13840022000,15000,0,0,0
0,0,2000000,1,13840028000,13850013000,12000,0,0,0
0,0,2000000,1,13850018000,13860029000,11000,0,0,0
0,0,2000000,1,13860034000,13870028000,17000,0,0,0
0,0,2000000,1,13870033000,13880015000,15000,0,0,0
0,0,5000000,1,13880062000,13890016000,16000,0,0,0
0,0,5000000,1,13890051000,13900056000,56000,0,0,0
0,0,5000000,1,13900066000,13910020000,19000,0,0,0
0,0,5000000,1,13910026000,13920013000,15000,0,0,0
0,0,5000000,1,13920019000,13930021000,16000,0,0,0
0,0,5000000,1,13930032000,13940012000,12000,0,0,0
0,0,5000000,1,13940017000,13950011000,12000,0,0,0
0,0,5000000,1,13950016000,13960020000,16000,0,0,0
0,0,5000000,1,13960031000,13970036000,14000,0,0,0
0,0,5000000,1,13970042000,13980014000,12000,0,0,0
0,0,5000000,1,13980019000,13990020000,16000,0,0,0
0,0,5000000,1,13990030000,14000012000,13000,0,0,0
0,0,5000000,1,14000017000,14010013000,12000,0,0,0
0,0,5000000,1,14010018000,14020019000,15000,0,0,0
0,0,5000000,1,14020029000,14030012000,12000,0,0,0
0,0,5000000,1,14030017000,14040011000,12000,0,0,0
0,0,5000000,1,14040016000,14050017000,14000,0,0,0
0,0,5000000,1,14050027000,14060013000,13000,0,0,0
0,0,5000000,1,14060018000,14070012000,12000,0,0,0
0,0,5000000,1,14070017000,14080033000,16000,0,0,0
0,0,5000000,1,14080044000,14090015000,16000,0,0,0
0,0,5000000,1,14090020000,14100013000,13000,0,0,0
0,0,5000000,1,14100018000,14110032000,20000,0,0,0
0,0,5000000,1,14110040000,14120015000,17000,0,0,0
1,0,1000000,1,14120064000,14130016000,18000,0,0,0
1,0,1000000,1,14130022000,14140028000,18000,0,0,0
1,0,1000000,1,14140034000,14150013000,13000,0,0,0
1,0,1000000,1,14150018000,14160011000,13000,0,0,0
1,0,1000000,1,14160017000,14170020000,15000,0,0,0
1,0,1000000,1,14170030000,14180013000,13000,0,0,0
1,0,1000000,1,14180018000,14190032000,12000,0,0,0
1,0,1000000,1,14190038000,14200022000,15000,0,0,0
1,0,1000000,1,14200032000,14210013000,14000,0,0,0
1,0,1000000,1,14210019000,14220011000,12000,0,0,0
1,0,1000000,1,14220016000,14230022000,14000,0,0,0
1,0,1000000,1,14230028000,14240011000,13000,0,0,0
1,0,1000000,1,14240017000,14250011000,12000,0,0,0
1,0,1000000,1,14250016000,14260017000,14000,0,0,0
1,0,1000000,1,14260027000,14270012000,13000,0,0,0
1,0,1000000,1,14270018000,14280010000,12000,0,0,0
1,0,1000000,1,14280016000,14290032000,16000,0,0,0
1,0,1000000,1,14290043000,14300034000,12000,0,0,0
1,0,1000000,1,14300040000,14310015000,15000,0,0,0
1,0,1000000,1,14310021000,14320031000,18000,0,0,0
1,0,1000000,1,14320038000,14330015000,16000,0,0,0
1,0,1000000,1,14330021000,14340011000,14000,0,0,0
1,0,1000000,1,14340017000,14350019000,16000,0,0,0
1,0,1000000,1,14350030000,14360013000,14000,0,0,0
1,0,2000000,1,14360057000,14370013000,14000,0,0,0
1,0,2000000,1,14370019000,14380027000,16000,0,0,0
1,0,2000000,1,14380034000,14390012000,12000,0,0,0
1,0,2000000,1,14390018000,14400011000,12000,0,0,0
1,0,2000000,1,14400017000,14410037000,16000,0,0,0
1,0,2000000,1,14410048000,14420015000,15000,0,0,0
1,0,2000000,1,14420020000,14430014000,13000,0,0,0
1,0,2000000,1,14430019000,14440019000,16000,0,0,0
1,0,2000000,1,14440030000,14450012000,14000,0,0,0
1,0,2000000,1,14450017000,14460011000,12000,0,0,0
1,0,2000000,1,14460016000,14470018000,15000,0,0,0
1,0,2000000,1,14470028000,14480012000,13000,0,0,0
1,0,2000000,1,14480018000,14490011000,13000,0,0,0
1,0,2000000,1,14490017000,14500017000,15000,0,0,0
1,0,2000000,1,14500027000,14510014000,15000,0,0,0
1,0,2000000,1,14510019000,14520030000,12000,0,0,0
1,0,2000000,1,14520035000,14530032000,17000,0,0,0
1,0,2000000,1,14530065000,14540017000,44000,0,0,0
1,0,2000000,1,14540024000,14550012000,15000,0,0,0
1,0,2000000,1,14550018000,14560020000,17000,0,0,0
1,0,2000000,1,14560031000,14570013000,14000,0,0,0
1,0,2000000,1,14570019000,14580010000,13000,0,0,0
1,0,2000000,1,14580016000,14590021000,14000,0,0,0
1,0,2000000,1,14590031000,14600011000,13000,0,0,0
1,0,5000000,1,14600058000,14610013000,14000,0,0,0
1,0,5000000,1,14610018000,14620023000,15000,0,0,0
1,0,5000000,1,14620029000,14630032000,12000,0,0,0
1,0,5000000,1,14630038000,14640014000,13000,0,0,0
1,0,5000000,1,14640020000,14650019000,16000,0,0,0
1,0,5000000,1,14650030000,14660012000,14000,0,0,0
1,0,5000000,1,14660018000,14670011000,13000,0,0,0
1,0,5000000,1,14670016000,14680017000,15000,0,0,0
1,0,5000000,1,14680027000,14690011000,13000,0,0,0
1,0,5000000,1,14690017000,14700011000,13000,0,0,0
1,0,5000000,1,14700016000,14710017000,15000,0,0,0
1,0,5000000,1,14710028000,14720015000,15000,0,0,0
1,0,5000000,1,14720021000,14730013000,13000,0,0,0
1,0,5000000,1,14730018000,14740051000,14000,0,0,0
1,0,5000000,1,14740058000,14750017000,17000,0,0,0
1,0,5000000,1,14750023000,14760012000,13000,0,0,0
1,0,5000000,1,14760017000,14770018000,16000,0,0,0
1,0,5000000,1,14770029000,14780014000,13000,0,0,0
1,0,5000000,1,14780019000,14790011000,13000,0,0,0
1,0,5000000,1,14790016000,14800041000,16000,0,0,0
1,0,5000000,1,14800047000,14810014000,15000,0,0,0
1,0,5000000,1,14810019000,14820013000,12000,0,0,0
1,0,5000000,1,14820018000,14830018000,15000,0,0,0
1,0,5000000,1,14830028000,14840012000,13000,0,0,0
2,0,1000000,1,14840056000,14850036000,26000,0,0,0
2,0,1000000,1,14850041000,14860031000,20000,0,0,0
2,0,1000000,1,14860037000,14870014000,15000,0,0,0
2,0,1000000,1,14870020000,14880012000,14000,0,0,0
2,0,1000000,1,14880017000,14890019000,15000,0,0,0
2,0,1000000,1,14890030000,14900013000,14000,0,0,0
2,0,1000000,1,14900018000,14910012000,14000,0,0,0
2,0,1000000,1,14910017000,14920018000,15000,0,0,0
2,0,1000000,1,14920028000,14930014000,16000,0,0,0
2,0,1000000,1,14930020000,14940014000,14000,0,0,0
2,0,1000000,1,14940019000,14950031000,18000,0,0,0
2,0,1000000,1,14950039000,14960041000,19000,0,0,0
2,0,1000000,1,14960048000,14970017000,19000,0,0,0
2,0,1000000,1,14970023000,14980015000,12000,0,0,0
2,0,1000000,1,14980020000,14990014000,15000,0,0,0
2,0,1000000,1,14990020000,15000012000,15000,0,0,0
2,0,1000000,1,15000018000,15010017000,14000,0,0,0
2,0,1000000,1,15010022000,15020012000,15000,0,0,0
2,0,1000000,1,15020018000,15030011000,14000,0,0,0
2,0,1000000,1,15030017000,15040013000,12000,0,0,0
2,0,1000000,1,15040019000,15050012000,13000,0,0,0
2,0,1000000,1,15050017000,15060011000,13000,0,0,0
2,0,1000000,1,15060017000,15070032000,13000,0,0,0
2,0,1000000,1,15070037000,15080014000,16000,0,0,0
2,0,2000000,1,15080063000,15090015000,17000,0,0,0
2,0,2000000,1,15090021000,15100016000,13000,0,0,0
2,0,2000000,1,15100021000,15110013000,13000,0,0,0
2,0,2000000,1,15110019000,15120011000,14000,0,0,0
2,0,2000000,1,15120017000,15130015000,13000,0,0,0
2,0,2000000,1,15130021000,15140014000,16000,0,0,0
2,0,2000000,1,15140020000,15150013000,14000,0,0,0
2,0,2000000,1,15150019000,15160032000,19000,0,0,0
2,0,2000000,1,15160041000,15170015000,20000,0,0,0
2,0,2000000,1,15170047000,15180045000,42000,0,0,0
2,0,2000000,1,15180051000,15190032000,19000,0,0,0
2,0,2000000,1,15190038000,15200016000,16000,0,0,0
2,0,2000000,1,15200021000,15210013000,13000,0,0,0
2,0,2000000,1,15210019000,15220027000,18000,0,0,0
2,0,2000000,1,15220033000,15230013000,13000,0,0,0
2,0,2000000,1,15230018000,15240012000,14000,0,0,0
2,0,2000000,1,15240017000,15250019000,16000,0,0,0
2,0,2000000,1,15250029000,15260012000,13000,0,0,0
2,0,2000000,1,15260018000,15270011000,14000,0,0,0
2,0,2000000,1,15270016000,15280023000,17000,0,0,0
2,0,2000000,1,15280029000,15290032000,13000,0,0,0
2,0,2000000,1,15290038000,15300013000,13000,0,0,0
2,0,2000000,1,15300019000,15310042000,17000,0,0,0
2,0,2000000,1,15310048000,15320015000,17000,0,0,0
2,0,5000000,1,15320061000,15330013000,15000,0,0,0
2,0,5000000,1,15330019000,15340026000,17000,0,0,0
2,0,5000000,1,15340031000,15350016000,16000,0,0,0
2,0,5000000,1,15350021000,15360014000,14000,0,0,0
2,0,5000000,1,15360020000,15370031000,21000,0,0,0
2,0,5000000,1,15370039000,15380016000,18000,0,0,0
2,0,5000000,1,15380023000,15390014000,16000,0,0,0
2,0,5000000,1,15390020000,15400051000,21000,0,0,0
2,0,5000000,1,15400057000,15410016000,18000,0,0,0
2,0,5000000,1,15410022000,15420013000,13000,0,0,0
2,0,5000000,1,15420018000,15430030000,16000,0,0,0
2,0,5000000,1,15430036000,15440015000,16000,0,0,0
2,0,5000000,1,15440021000,15450012000,14000,0,0,0
2,0,5000000,1,15450017000,15460018000,15000,0,0,0
2,0,5000000,1,15460028000,15470012000,14000,0,0,0
2,0,5000000,1,15470017000,15480011000,14000,0,0,0
2,0,5000000,1,15480017000,15490018000,16000,0,0,0
2,0,5000000,1,15490028000,15500012000,14000,0,0,0
2,0,5000000,1,15500018000,15510029000,12000,0,0,0
2,0,5000000,1,15510034000,15520021000,15000,0,0,0
2,0,5000000,1,15520032000,15530013000,13000,0,0,0
2,0,5000000,1,15530019000,15540012000,14000,0,0,0
2,0,5000000,1,15540017000,15550018000,15000,0,0,0
2,0,5000000,1,15550028000,15560015000,16000,0,0,0
3,0,1000000,1,15560062000,15570030000,39000,1,0,1
3,0,1000000,1,15570035000,15580042000,33000,1,0,1
3,0,1000000,1,15580050000,15590024000,33000,1,0,1
3,0,1000000,1,15590031000,15600019000,25000,1,0,1
3,0,1000000,1,15600025000,15610033000,26000,1,0,1
3,0,1000000,1,15610038000,15620042000,22000,1,0,1
3,0,1000000,1,15620048000,15630021000,24000,1,0,1
3,0,1000000,1,15630026000,15640035000,27000,1,0,1
3,0,1000000,1,15640042000,15650019000,25000,1,0,1
3,0,1000000,1,15650025000,15660016000,22000,1,0,1
3,0,1000000,1,15660022000,15670029000,25000,1,0,1
3,0,1000000,1,15670035000,15680018000,22000,1,0,1
3,0,1000000,1,15680024000,15690016000,21000,1,0,1
3,0,1000000,1,15690022000,15700029000,24000,1,0,1
3,0,1000000,1,15700035000,15710017000,23000,1,0,1
3,0,1000000,1,15710023000,15720016000,20000,1,0,1
3,0,1000000,1,15720022000,15730047000,25000,1,0,1
3,0,1000000,1,15730053000,15740020000,24000,1,0,1
3,0,1000000,1,15740026000,15750016000,23000,1,0,1
3,0,1000000,1,15750022000,15760033000,25000,1,0,1
3,0,1000000,1,15760039000,15770020000,26000,1,0,1
3,0,1000000,1,15770026000,15780018000,22000,1,0,1
3,0,1000000,1,15780024000,15790039000,30000,1,0,1
3,0,1000000,1,15790047000,15800024000,32000,1,0,1
3,0,2000000,1,15800074000,15810021000,27000,1,0,1
3,0,2000000,1,15810053000,15820069000,62000,1,0,1
3,0,2000000,1,15820077000,15830026000,29000,1,0,1
3,0,2000000,1,15830033000,15840045000,21000,1,0,1
3,0,2000000,1,15840051000,15850043000,30000,1,0,1
3,0,2000000,1,15850049000,15860021000,25000,1,0,1
3,0,2000000,1,15860027000,15870017000,22000,1,0,1
3,0,2000000,1,15870023000,15880032000,25000,1,0,1
3,0,2000000,1,15880037000,15890019000,22000,1,0,1
3,0,2000000,1,15890024000,15900016000,21000,1,0,1
3,0,2000000,1,15900022000,15910031000,25000,1,0,1
3,0,2000000,1,15910037000,15920018000,22000,1,0,1
3,0,2000000,1,15920024000,15930016000,21000,1,0,1
3,0,2000000,1,15930022000,15940028000,24000,1,0,1
3,0,2000000,1,15940033000,15950036000,20000,1,0,1
3,0,2000000,1,15950042000,15960019000,21000,1,0,1
3,0,2000000,1,15960024000,15970031000,26000,1,0,1
3,0,2000000,1,15970037000,15980021000,25000,1,0,1
3,0,2000000,1,15980027000,15990019000,23000,1,0,1
3,0,2000000,1,15990025000,16000044000,35000,1,0,1
3,0,2000000,1,16000054000,16010024000,34000,1,0,1
3,0,2000000,1,16010030000,16020019000,26000,1,0,1
3,0,2000000,1,16020025000,16030019000,21000,1,0,1
3,0,2000000,1,16030024000,16040018000,23000,1,0,1
3,0,5000000,1,16040065000,16050019000,26000,1,0,1
3,0,5000000,1,16050026000,16060051000,24000,1,0,1
3,0,5000000,1,16060057000,16070021000,26000,1,0,1
3,0,5000000,1,16070027000,16080017000,22000,1,0,1
3,0,5000000,1,16080022000,16090019000,20000,1,0,1
3,0,5000000,1,16090024000,16100017000,22000,1,0,1
3,0,5000000,1,16100023000,16110017000,22000,1,0,1
3,0,5000000,1,16110022000,16120019000,20000,1,0,1
3,0,5000000,1,16120024000,16130018000,21000,1,0,1
3,0,5000000,1,16130023000,16140015000,22000,1,0,1
3,0,5000000,1,16140021000,16150018000,20000,1,0,1
3,0,5000000,1,16150023000,16160016000,22000,1,0,1
3,0,5000000,1,16160022000,16170036000,21000,1,0,1
3,0,5000000,1,16170041000,16180020000,21000,1,0,1
3,0,5000000,1,16180026000,16190019000,23000,1,0,1
3,0,5000000,1,16190025000,16200018000,23000,1,0,1
3,0,5000000,1,16200024000,16210038000,30000,1,0,1
3,0,5000000,1,16210046000,16220023000,31000,1,0,1
3,0,5000000,1,16220029000,16230018000,24000,1,0,1
3,0,5000000,1,16230025000,16240033000,27000,1,0,1
3,0,5000000,1,16240039000,16250018000,23000,1,0,1
3,0,5000000,1,16250024000,16260018000,22000,1,0,1
3,0,5000000,1,16260023000,16270032000,25000,1,0,1
3,0,5000000,1,16270037000,16280043000,22000,1,0,1
0,1,1000000,1,16282214000,16290048000,41000,0,0,0
0,1,1000000,1,16290055000,16300027000,17000,0,0,0
0,1,1000000,1,16300033000,16310018000,16000,0,0,0
0,1,1000000,1,16310025000,16320014000,15000,0,0,0
0,1,1000000,1,16320019000,16330041000,12000,0,0,0
0,1,1000000,1,16330046000,16340015000,13000,0,0,0
0,1,1000000,1,16340021000,16350013000,15000,0,0,0
0,1,1000000,1,16350018000,16360015000,11000,0,0,0
0,1,1000000,1,16360020000,16370012000,14000,0,0,0
0,1,1000000,1,16370018000,16380012000,13000,0,0,0
0,1,1000000,1,16380017000,16390055000,12000,0,0,0
0,1,1000000,1,16390060000,16400010000,13000,0,0,0
0,1,1000000,1,16400015000,16410014000,15000,0,0,0
0,1,1000000,1,16410020000,16420043000,21000,0,0,0
0,1,1000000,1,16420053000,16430021000,19000,0,0,0
0,1,1000000,1,16430028000,16440014000,15000,0,0,0
0,1,1000000,1,16440019000,16450016000,13000,0,0,0
0,1,1000000,1,16450051000,16460018000,48000,0,0,0
0,1,1000000,1,16460025000,16470014000,14000,0,0,0
0,1,1000000,1,16470019000,16480019000,15000,0,0,0
0,1,1000000,1,16480024000,16490013000,14000,0,0,0
0,1,1000000,1,16490018000,16500038000,13000,0,0,0
0,1,1000000,1,16500044000,16510019000,13000,0,0,0
0,1,1000000,1,16510024000,16520015000,14000,0,0,0
0,1,2000000,1,16520067000,16530016000,17000,0,0,0
0,1,2000000,1,16530021000,16540016000,13000,0,0,0
0,1,2000000,1,16540022000,16550008000,14000,0,0,0
0,1,2000000,1,16550014000,16560008000,13000,0,0,0
0,1,2000000,1,16560014000,16570013000,13000,0,0,0
0,1,2000000,1,16570018000,16580008000,12000,0,0,0
0,1,2000000,1,16580013000,16590008000,12000,0,0,0
0,1,2000000,1,16590013000,16600007000,12000,0,0,0
0,1,2000000,1,16600013000,16610037000,24000,0,0,0
0,1,2000000,1,16610043000,16621610000,20000,0,0,0
0,1,2000000,1,16621617000,16630035000,17000,0,0,0
0,1,2000000,1,16630041000,16640016000,17000,0,0,0
0,1,2000000,1,16640022000,16650013000,15000,0,0,0
0,1,2000000,1,16650019000,16660015000,12000,0,0,0
0,1,2000000,1,16660020000,16670009000,12000,0,0,0
0,1,2000000,1,16670014000,16680008000,12000,0,0,0
0,1,2000000,1,16680014000,16690008000,12000,0,0,0
0,1,2000000,1,16690013000,16700008000,11000,0,0,0
0,1,2000000,1,16700014000,16710008000,13000,0,0,0
0,1,2000000,1,16710013000,16720018000,14000,0,0,0
0,1,2000000,1,16720024000,16730013000,13000,0,0,0
0,1,2000000,1,16730018000,16740012000,13000,0,0,0
0,1,2000000,1,16740017000,16750014000,12000,0,0,0
0,1,2000000,1,16750019000,16760013000,14000,0,0,0
0,1,5000000,1,16760059000,16770014000,15000,0,0,0
0,1,5000000,1,16770020000,16780017000,13000,0,0,0
0,1,5000000,1,16780022000,16790008000,12000,0,0,0
0,1,5000000,1,16790013000,16800008000,14000,0,0,0
0,1,5000000,1,16800013000,16810014000,12000,0,0,0
0,1,5000000,1,16810020000,16820036000,23000,0,0,0
0,1,5000000,1,16820042000,16831583000,18000,0,0,0
0,1,5000000,1,16831590000,16840053000,13000,0,0,0
0,1,5000000,1,16840059000,16850016000,16000,0,0,0
0,1,5000000,1,16850023000,16860012000,15000,0,0,0
0,1,5000000,1,16860018000,16870015000,12000,0,0,0
0,1,5000000,1,16870020000,16880008000,13000,0,0,0
0,1,5000000,1,16880014000,16890008000,13000,0,0,0
0,1,5000000,1,16890013000,16900007000,12000,0,0,0
0,1,5000000,1,16900012000,16910008000,13000,0,0,0
0,1,5000000,1,16910014000,16920008000,12000,0,0,0
0,1,5000000,1,16920013000,16930019000,13000,0,0,0
0,1,5000000,1,16930024000,16940008000,11000,0,0,0
0,1,5000000,1,16940014000,16950012000,15000,0,0,0
0,1,5000000,1,16950017000,16960015000,12000,0,0,0
0,1,5000000,1,16960020000,16970008000,12000,0,0,0
0,1,5000000,1,16970013000,16980008000,12000,0,0,0
0,1,5000000,1,16980013000,16990014000,11000,0,0,0
0,1,5000000,1,16990019000,17000008000,11000,0,0,0
1,1,1000000,1,17000064000,17010013000,16000,0,0,0
1,1,1000000,1,17010019000,17020015000,12000,0,0,0
1,1,1000000,1,17020021000,17030037000,23000,0,0,0
1,1,1000000,1,17030043000,17040016000,14000,0,0,0
1,1,1000000,1,17040022000,17050036000,19000,0,0,0
1,1,1000000,1,17050044000,17060017000,19000,0,0,0
1,1,1000000,1,17060023000,17070013000,15000,0,0,0
1,1,1000000,1,17070018000,17080014000,11000,0,0,0
1,1,1000000,1,17080019000,17090013000,14000,0,0,0
1,1,1000000,1,17090047000,17100017000,43000,0,0,0
1,1,1000000,1,17100023000,17110018000,15000,0,0,0
1,1,1000000,1,17110024000,17120012000,14000,0,0,0
1,1,1000000,1,17120018000,17130012000,14000,0,0,0
1,1,1000000,1,17130017000,17140040000,13000,0,0,0
1,1,1000000,1,17140046000,17150015000,15000,0,0,0
1,1,1000000,1,17150021000,17160012000,13000,0,0,0
1,1,1000000,1,17160017000,17170014000,12000,0,0,0
1,1,1000000,1,17170019000,17180008000,13000,0,0,0
1,1,1000000,1,17180013000,17190008000,12000,0,0,0
1,1,1000000,1,17190013000,17200008000,11000,0,0,0
1,1,1000000,1,17200013000,17210008000,12000,0,0,0
1,1,1000000,1,17210013000,17220008000,12000,0,0,0
1,1,1000000,1,17220013000,17230008000,11000,0,0,0
1,1,1000000,1,17230013000,17240008000,12000,0,0,0
1,1,2000000,1,17240069000,17251612000,21000,0,0,0
1,1,2000000,1,17251621000,17260031000,16000,0,0,0
1,1,2000000,1,17260036000,17270017000,16000,0,0,0
1,1,2000000,1,17270024000,17280014000,15000,0,0,0
1,1,2000000,1,17280019000,17290015000,12000,0,0,0
1,1,2000000,1,17290020000,17300013000,13000,0,0,0
1,1,2000000,1,17300019000,17310011000,13000,0,0,0
1,1,2000000,1,17310017000,17320016000,13000,0,0,0
1,1,2000000,1,17320021000,17330009000,12000,0,0,0
1,1,2000000,1,17330014000,17340008000,12000,0,0,0
1,1,2000000,1,17340013000,17350035000,21000,0,0,0
1,1,2000000,1,17350040000,17360050000,12000,0,0,0
1,1,2000000,1,17360056000,17370021000,18000,0,0,0
1,1,2000000,1,17370028000,17380017000,15000,0,0,0
1,1,2000000,1,17380022000,17390009000,11000,0,0,0
1,1,2000000,1,17390015000,17400008000,14000,0,0,0
1,1,2000000,1,17400013000,17410008000,13000,0,0,0
1,1,2000000,1,17410013000,17420009000,13000,0,0,0
1,1,2000000,1,17420014000,17430014000,13000,0,0,0
1,1,2000000,1,17430019000,17440014000,13000,0,0,0
1,1,2000000,1,17440020000,17450015000,16000,0,0,0
1,1,2000000,1,17450021000,17461585000,18000,0,0,0
1,1,2000000,1,17461593000,17470053000,14000,0,0,0
1,1,2000000,1,17470059000,17480019000,16000,0,0,0
1,1,5000000,1,17480069000,17490017000,16000,0,0,0
1,1,5000000,1,17490022000,17500016000,12000,0,0,0
1,1,5000000,1,17500021000,17510008000,12000,0,0,0
1,1,5000000,1,17510014000,17520008000,14000,0,0,0
1,1,5000000,1,17520013000,17530017000,14000,0,0,0
1,1,5000000,1,17530022000,17540008000,13000,0,0,0
1,1,5000000,1,17540014000,17550008000,12000,0,0,0
1,1,5000000,1,17550013000,17560007000,12000,0,0,0
1,1,5000000,1,17560012000,17570007000,12000,0,0,0
1,1,5000000,1,17570013000,17580038000,12000,0,0,0
1,1,5000000,1,17580044000,17590016000,12000,0,0,0
1,1,5000000,1,17590021000,17600008000,12000,0,0,0
1,1,5000000,1,17600014000,17610008000,12000,0,0,0
1,1,5000000,1,17610013000,17620013000,11000,0,0,0
1,1,5000000,1,17620018000,17630008000,11000,0,0,0
1,1,5000000,1,17630013000,17640007000,12000,0,0,0
1,1,5000000,1,17640013000,17650008000,13000,0,0,0
1,1,5000000,1,17650013000,17660008000,12000,0,0,0
1,1,5000000,1,17660013000,17671576000,18000,0,0,0
1,1,5000000,1,17671583000,17680029000,15000,0,0,0
1,1,5000000,1,17680035000,17690038000,11000,0,0,0
1,1,5000000,1,17690043000,17700015000,15000,0,0,0
1,1,5000000,1,17700020000,17710016000,12000,0,0,0
1,1,5000000,1,17710021000,17720009000,12000,0,0,0
2,1,1000000,1,17720066000,17730017000,27000,0,0,0
2,1,1000000,1,17730047000,17740025000,46000,0,0,0
2,1,1000000,1,17740031000,17750016000,17000,0,0,0
2,1,1000000,1,17750023000,17760013000,14000,0,0,0
2,1,1000000,1,17760018000,17770015000,12000,0,0,0
2,1,1000000,1,17770020000,17780014000,14000,0,0,0
2,1,1000000,1,17780019000,17790012000,14000,0,0,0
2,1,1000000,1,17790017000,17800036000,12000,0,0,0
2,1,1000000,1,17800042000,17810015000,16000,0,0,0
2,1,1000000,1,17810021000,17820012000,15000,0,0,0
2,1,1000000,1,17820018000,17830014000,14000,0,0,0
2,1,1000000,1,17830020000,17840013000,15000,0,0,0
2,1,1000000,1,17840018000,17850012000,14000,0,0,0
2,1,1000000,1,17850017000,17860032000,12000,0,0,0
2,1,1000000,1,17860037000,17870010000,14000,0,0,0
2,1,1000000,1,17870016000,17880015000,15000,0,0,0
2,1,1000000,1,17880020000,17890037000,19000,0,0,0
2,1,1000000,1,17890044000,17900019000,23000,0,0,0
2,1,1000000,1,17900026000,17910036000,14000,0,0,0
2,1,1000000,1,17910041000,17920018000,14000,0,0,0
2,1,1000000,1,17920024000,17930009000,14000,0,0,0
2,1,1000000,1,17930015000,17940008000,14000,0,0,0
2,1,1000000,1,17940014000,17950008000,13000,0,0,0
2,1,1000000,1,17950013000,17960009000,12000,0,0,0
2,1,2000000,1,17960066000,17970014000,16000,0,0,0
2,1,2000000,1,17970020000,17980016000,14000,0,0,0
2,1,2000000,1,17980022000,17990013000,15000,0,0,0
2,1,2000000,1,17990019000,18000012000,15000,0,0,0
2,1,2000000,1,18000018000,18010015000,13000,0,0,0
2,1,2000000,1,18010020000,18020037000,13000,0,0,0
2,1,2000000,1,18020043000,18030014000,15000,0,0,0
2,1,2000000,1,18030019000,18040016000,12000,0,0,0
2,1,2000000,1,18040021000,18050009000,12000,0,0,0
2,1,2000000,1,18050014000,18060008000,14000,0,0,0
2,1,2000000,1,18060014000,18070008000,13000,0,0,0
2,1,2000000,1,18070013000,18080008000,13000,0,0,0
2,1,2000000,1,18080014000,18091585000,20000,0,0,0
2,1,2000000,1,18091593000,18100030000,20000,0,0,0
2,1,2000000,1,18100036000,18110017000,18000,0,0,0
2,1,2000000,1,18110023000,18120013000,16000,0,0,0
2,1,2000000,1,18120018000,18130039000,14000,0,0,0
2,1,2000000,1,18130045000,18140015000,17000,0,0,0
2,1,2000000,1,18140021000,18150014000,14000,0,0,0
2,1,2000000,1,18150019000,18160017000,14000,0,0,0
2,1,2000000,1,18160022000,18170014000,14000,0,0,0
2,1,2000000,1,18170019000,18180012000,14000,0,0,0
2,1,2000000,1,18180017000,18190014000,13000,0,0,0
2,1,2000000,1,18190019000,18200008000,11000,0,0,0
2,1,5000000,1,18200065000,18210014000,17000,0,0,0
2,1,5000000,1,18210020000,18220015000,12000,0,0,0
2,1,5000000,1,18220020000,18230009000,12000,0,0,0
2,1,5000000,1,18230014000,18240036000,13000,0,0,0
2,1,5000000,1,18240042000,18250016000,14000,0,0,0
2,1,5000000,1,18250022000,18260009000,13000,0,0,0
2,1,5000000,1,18260014000,18270008000,12000,0,0,0
2,1,5000000,1,18270013000,18280008000,12000,0,0,0
2,1,5000000,1,18280013000,18290008000,12000,0,0,0
2,1,5000000,1,18290014000,18301575000,21000,0,0,0
2,1,5000000,1,18301582000,18310035000,19000,0,0,0
2,1,5000000,1,18310042000,18320011000,17000,0,0,0
2,1,5000000,1,18320017000,18330012000,16000,0,0,0
2,1,5000000,1,18330018000,18340015000,13000,0,0,0
2,1,5000000,1,18340020000,18350044000,12000,0,0,0
2,1,5000000,1,18350049000,18360015000,15000,0,0,0
2,1,5000000,1,18360020000,18370036000,14000,0,0,0
2,1,5000000,1,18370069000,18380021000,49000,0,0,0
2,1,5000000,1,18380028000,18390013000,17000,0,0,0
2,1,5000000,1,18390019000,18400020000,14000,0,0,0
2,1,5000000,1,18400025000,18410009000,14000,0,0,0
2,1,5000000,1,18410014000,18420013000,14000,0,0,0
2,1,5000000,1,18420019000,18430019000,13000,0,0,0
2,1,5000000,1,18430024000,18440009000,12000,0,0,0
3,1,1000000,1,18440067000,18450027000,39000,1,0,1
3,1,1000000,1,18450033000,18460051000,24000,1,0,1
3,1,1000000,1,18460057000,18470015000,23000,1,0,1
3,1,1000000,1,18470021000,18480019000,36000,1,0,1
3,1,1000000,1,18480025000,18490021000,22000,1,0,1
3,1,1000000,1,18490027000,18500022000,26000,1,0,1
3,1,1000000,1,18500028000,18510021000,25000,1,0,1
3,1,1000000,1,18510027000,18520046000,31000,1,0,1
3,1,1000000,1,18520055000,18530027000,34000,1,0,1
3,1,1000000,1,18530033000,18540021000,27000,1,0,1
3,1,1000000,1,18540027000,18550021000,22000,1,0,1
3,1,1000000,1,18550027000,18560015000,21000,1,0,1
3,1,1000000,1,18560021000,18570042000,30000,1,0,1
3,1,1000000,1,18570048000,18580028000,24000,1,0,1
3,1,1000000,1,18580033000,18590021000,24000,1,0,1
3,1,1000000,1,18590027000,18600017000,24000,1,0,1
3,1,1000000,1,18600023000,18610019000,21000,1,0,1
3,1,1000000,1,18610025000,18620015000,21000,1,0,1
3,1,1000000,1,18620020000,18630016000,34000,1,0,1
3,1,1000000,1,18630022000,18640020000,21000,1,0,1
3,1,1000000,1,18640025000,18650014000,21000,1,0,1
3,1,1000000,1,18650020000,18660017000,32000,1,0,1
3,1,1000000,1,18660023000,18670019000,20000,1,0,1
3,1,1000000,1,18670024000,18680044000,20000,1,0,1
3,1,2000000,1,18680092000,18690024000,26000,1,0,1
3,1,2000000,1,18690030000,18700021000,21000,1,0,1
3,1,2000000,1,18700027000,18710021000,24000,1,0,1
3,1,2000000,1,18710027000,18721594000,30000,1,0,1
3,1,2000000,1,18721603000,18730037000,30000,1,0,1
3,1,2000000,1,18730043000,18740025000,27000,1,0,1
3,1,2000000,1,18740031000,18750018000,23000,1,0,1
3,1,2000000,1,18750023000,18760020000,20000,1,0,1
3,1,2000000,1,18760025000,18770018000,22000,1,0,1
3,1,2000000,1,18770024000,18780017000,23000,1,0,1
3,1,2000000,1,18780023000,18790048000,21000,1,0,1
3,1,2000000,1,18790054000,18800022000,26000,1,0,1
3,1,2000000,1,18800028000,18810019000,23000,1,0,1
3,1,2000000,1,18810024000,18820020000,20000,1,0,1
3,1,2000000,1,18820026000,18830014000,23000,1,0,1
3,1,2000000,1,18830020000,18840016000,34000,1,0,1
3,1,2000000,1,18840022000,18850020000,22000,1,0,1
3,1,2000000,1,18850025000,18860013000,21000,1,0,1
3,1,2000000,1,18860019000,18870016000,32000,1,0,1
3,1,2000000,1,18870022000,18880037000,19000,1,0,1
3,1,2000000,1,18880042000,18890015000,22000,1,0,1
3,1,2000000,1,18890021000,18900036000,33000,1,0,1
3,1,2000000,1,18900042000,18910023000,22000,1,0,1
3,1,2000000,1,18910029000,18920023000,26000,1,0,1
3,1,5000000,1,18920069000,18931597000,33000,1,0,1
3,1,5000000,1,18931605000,18940038000,29000,1,0,1
3,1,5000000,1,18940044000,18950023000,27000,1,0,1
3,1,5000000,1,18950029000,18960019000,23000,1,0,1
3,1,5000000,1,18960025000,18970020000,21000,1,0,1
3,1,5000000,1,18970026000,18980018000,23000,1,0,1
3,1,5000000,1,18980024000,18990017000,23000,1,0,1
3,1,5000000,1,18990023000,19000022000,23000,1,0,1
3,1,5000000,1,19000027000,19010049000,21000,1,0,1
3,1,5000000,1,19010079000,19020031000,55000,1,0,1
3,1,5000000,1,19020037000,19030022000,23000,1,0,1
3,1,5000000,1,19030028000,19040022000,26000,1,0,1
3,1,5000000,1,19040028000,19050020000,23000,1,0,1
3,1,5000000,1,19050025000,19060020000,20000,1,0,1
3,1,5000000,1,19060025000,19070020000,23000,1,0,1
3,1,5000000,1,19070025000,19080017000,23000,1,0,1
3,1,5000000,1,19080023000,19090020000,21000,1,0,1
3,1,5000000,1,19090025000,19100013000,22000,1,0,1
3,1,5000000,1,19100019000,19110017000,33000,1,0,1
3,1,5000000,1,19110022000,19120042000,21000,1,0,1
3,1,5000000,1,19120047000,19130023000,27000,1,0,1
3,1,5000000,1,19130029000,19141603000,32000,1,0,1
3,1,5000000,1,19141611000,19150041000,32000,1,0,1
3,1,5000000,1,19150046000,19160023000,26000,1,0,1
