operation,requested,rc,errno,revents,begin_ns,query_begin_ns,end_ns,accepted_bytes,delay_rc,delay_errno,delay_bytes,space_rc,space_errno,free_bytes,ptr_rc,ptr_errno,ptr_bytes,ptr,blocks
0,0,0,0,0,19345162000,19345206000,19345457000,0,0,0,0,0,0,8192,0,0,0,0,0
1,512,512,0,0,19345542000,19345557000,19345566000,512,0,0,0,0,0,7680,0,0,0,0,0
1,512,512,0,0,19345652000,19345657000,19345664000,1024,0,0,0,0,0,7168,0,0,0,0,0
1,512,512,0,0,19345752000,19345757000,19345763000,1536,0,0,0,0,0,6656,0,0,0,0,0
1,512,512,0,0,19345854000,19345871000,19345878000,2048,0,0,2048,0,0,6144,0,0,0,0,1
1,512,512,0,0,19345969000,19345973000,19345980000,2560,0,0,2048,0,0,5632,0,0,0,0,1
1,512,512,0,0,19346039000,19346043000,19346049000,3072,0,0,2048,0,0,5120,0,0,0,0,1
1,512,512,0,0,19346109000,19346112000,19346118000,3584,0,0,2048,0,0,4608,0,0,0,0,1
1,512,512,0,0,19346179000,19346227000,19346244000,4096,0,0,4096,0,0,4096,0,0,0,0,2
1,512,512,0,0,19346305000,19346310000,19346318000,4608,0,0,4096,0,0,3584,0,0,0,0,2
1,512,512,0,0,19346379000,19346383000,19346390000,5120,0,0,4096,0,0,3072,0,0,0,0,2
1,512,512,0,0,19346451000,19346455000,19346462000,5632,0,0,4096,0,0,2560,0,0,0,0,2
1,512,512,0,0,19346522000,19346533000,19346541000,6144,0,0,6144,0,0,2048,0,0,0,0,3
1,512,512,0,0,19346602000,19346606000,19346614000,6656,0,0,6144,0,0,1536,0,0,0,0,3
1,512,512,0,0,19346675000,19346678000,19346685000,7168,0,0,6144,0,0,1024,0,0,0,0,3
1,512,512,0,0,19346748000,19346751000,19346759000,7680,0,0,6144,0,0,512,0,0,0,0,3
1,512,512,0,0,19346820000,19346829000,19346837000,8192,0,0,8192,0,0,0,0,0,0,0,4
1,512,512,0,0,19346898000,19346901000,19346909000,8704,0,0,8192,0,0,-512,0,0,0,0,4
1,512,512,0,0,19346969000,19346973000,19346980000,9216,0,0,8192,0,0,-1024,0,0,0,0,4
1,512,512,0,0,19347041000,19347044000,19347052000,9728,0,0,8192,0,0,-1536,0,0,0,0,4
1,512,512,0,0,19347114000,19347119000,19347127000,10240,0,0,8192,0,0,-2048,0,0,0,0,5
1,512,-1,11,0,19347189000,19347193000,19347201000,10240,0,0,8192,0,0,-2048,0,0,0,0,5
2,100,1,0,4,19347201000,19377987000,19378010000,10240,0,0,4100,0,0,2044,0,0,4092,4092,3
1,512,512,0,0,19378015000,19378041000,19378051000,10752,0,0,6148,0,0,1532,0,0,4092,4092,3
1,512,512,0,0,19378117000,19378121000,19378130000,11264,0,0,6148,0,0,1020,0,0,4092,4092,3
1,512,512,0,0,19378192000,19378196000,19378204000,11776,0,0,6148,0,0,508,0,0,4092,4092,3
1,512,512,0,0,19378265000,19378276000,19378284000,12288,0,0,8192,0,0,-2048,0,0,4092,4092,5
1,512,-1,11,0,19378347000,19378352000,19378360000,12288,0,0,8192,0,0,-2048,0,0,4092,4092,5
2,100,1,0,4,19378361000,19393985000,19394004000,12288,0,0,6144,0,0,0,0,0,6140,6140,4
1,512,512,0,0,19394009000,19394025000,19394034000,12800,0,0,6148,0,0,1532,0,0,6140,6140,3
1,512,512,0,0,19394098000,19394103000,19394111000,13312,0,0,6148,0,0,1020,0,0,6140,6140,3
1,512,512,0,0,19394173000,19394177000,19394184000,13824,0,0,6148,0,0,508,0,0,6140,6140,3
1,512,512,0,0,19394247000,19394288000,19394300000,14336,0,0,8192,0,0,-2048,0,0,6140,6140,5
1,512,-1,11,0,19394363000,19394369000,19394378000,14336,0,0,8192,0,0,-2048,0,0,6140,6140,5
2,100,1,0,4,19394379000,19409991000,19410023000,14336,0,0,6144,0,0,0,0,0,8188,8188,4
1,512,512,0,0,19410028000,19410040000,19410049000,14848,0,0,6148,0,0,1532,0,0,8188,8188,3
1,512,512,0,0,19410113000,19410117000,19410125000,15360,0,0,6148,0,0,1020,0,0,8188,8188,3
1,512,512,0,0,19410186000,19410191000,19410198000,15872,0,0,6148,0,0,508,0,0,8188,8188,3
1,512,512,0,0,19410261000,19410271000,19410279000,16384,0,0,8192,0,0,-2048,0,0,8188,8188,5
1,512,-1,11,0,19410342000,19410346000,19410354000,16384,0,0,8192,0,0,-2048,0,0,8188,8188,5
2,100,1,0,4,19410355000,19425978000,19425992000,16384,0,0,6144,0,0,0,0,0,10236,2044,4
1,512,512,0,0,19425996000,19426010000,19426019000,16896,0,0,6148,0,0,1532,0,0,10236,2044,3
1,512,512,0,0,19426082000,19426087000,19426095000,17408,0,0,6148,0,0,1020,0,0,10236,2044,3
1,512,512,0,0,19426159000,19426162000,19426170000,17920,0,0,6148,0,0,508,0,0,10236,2044,3
1,512,512,0,0,19426232000,19426242000,19426250000,18432,0,0,8192,0,0,-2048,0,0,10236,2044,5
1,512,-1,11,0,19426312000,19426316000,19426323000,18432,0,0,8192,0,0,-2048,0,0,10236,2044,5
2,100,1,0,4,19426324000,19441984000,19441996000,18432,0,0,6144,0,0,0,0,0,12284,4092,4
1,512,512,0,0,19442000000,19442009000,19442017000,18944,0,0,6148,0,0,1532,0,0,12284,4092,3
1,512,512,0,0,19442080000,19442084000,19442091000,19456,0,0,6148,0,0,1020,0,0,12284,4092,3
1,512,512,0,0,19442154000,19442157000,19442165000,19968,0,0,6148,0,0,508,0,0,12284,4092,3
1,512,512,0,0,19442228000,19442238000,19442246000,20480,0,0,8192,0,0,-2048,0,0,12284,4092,5
1,512,-1,11,0,19442307000,19442312000,19442320000,20480,0,0,8192,0,0,-2048,0,0,12284,4092,5
2,100,1,0,4,19442320000,19457976000,19457993000,20480,0,0,6144,0,0,0,0,0,14332,6140,4
1,512,512,0,0,19457997000,19458011000,19458020000,20992,0,0,6148,0,0,1532,0,0,14332,6140,3
1,512,512,0,0,19458085000,19458090000,19458097000,21504,0,0,6148,0,0,1020,0,0,14332,6140,3
1,512,512,0,0,19458160000,19458164000,19458171000,22016,0,0,6148,0,0,508,0,0,14332,6140,3
1,512,512,0,0,19458234000,19458244000,19458252000,22528,0,0,8192,0,0,-2048,0,0,14332,6140,5
1,512,-1,11,0,19458315000,19458320000,19458327000,22528,0,0,8192,0,0,-2048,0,0,14332,6140,5
2,100,1,0,4,19458328000,19473982000,19473993000,22528,0,0,6144,0,0,0,0,0,16380,8188,4
1,512,512,0,0,19473997000,19474007000,19474015000,23040,0,0,6148,0,0,1532,0,0,16380,8188,3
1,512,512,0,0,19474080000,19474084000,19474091000,23552,0,0,6148,0,0,1020,0,0,16380,8188,3
1,512,512,0,0,19474155000,19474159000,19474166000,24064,0,0,6148,0,0,508,0,0,16380,8188,3
1,512,512,0,0,19474230000,19474239000,19474247000,24576,0,0,8192,0,0,-2048,0,0,16380,8188,5
1,512,-1,11,0,19474310000,19474314000,19474322000,24576,0,0,8192,0,0,-2048,0,0,16380,8188,5
2,100,1,0,4,19474323000,19489973000,19489988000,24576,0,0,6144,0,0,0,0,0,18428,2044,4
1,512,512,0,0,19489992000,19490018000,19490027000,25088,0,0,6148,0,0,1532,0,0,18428,2044,3
1,512,512,0,0,19490092000,19490097000,19490104000,25600,0,0,6148,0,0,1020,0,0,18428,2044,3
1,512,512,0,0,19490167000,19490171000,19490178000,26112,0,0,6148,0,0,508,0,0,18428,2044,3
1,512,512,0,0,19490242000,19490252000,19490260000,26624,0,0,8192,0,0,-2048,0,0,18428,2044,5
1,512,-1,11,0,19490324000,19490328000,19490336000,26624,0,0,8192,0,0,-2048,0,0,18428,2044,5
2,100,1,0,4,19490337000,19505976000,19505987000,26624,0,0,6144,0,0,0,0,0,20476,4092,4
1,512,512,0,0,19505991000,19506001000,19506009000,27136,0,0,6148,0,0,1532,0,0,20476,4092,3
1,512,512,0,0,19506073000,19506077000,19506085000,27648,0,0,6148,0,0,1020,0,0,20476,4092,3
1,512,512,0,0,19506148000,19506152000,19506160000,28160,0,0,6148,0,0,508,0,0,20476,4092,3
1,512,512,0,0,19506223000,19506232000,19506240000,28672,0,0,8192,0,0,-2048,0,0,20476,4092,5
1,512,-1,11,0,19506303000,19506332000,19506342000,28672,0,0,8192,0,0,-2048,0,0,20476,4092,5
2,100,1,0,4,19506343000,19521979000,19521993000,28672,0,0,6144,0,0,0,0,0,22524,6140,4
1,512,512,0,0,19521997000,19522009000,19522018000,29184,0,0,6148,0,0,1532,0,0,22524,6140,3
1,512,512,0,0,19522082000,19522086000,19522094000,29696,0,0,6148,0,0,1020,0,0,22524,6140,3
1,512,512,0,0,19522158000,19522162000,19522170000,30208,0,0,6148,0,0,508,0,0,22524,6140,3
1,512,512,0,0,19522234000,19522244000,19522252000,30720,0,0,8192,0,0,-2048,0,0,22524,6140,5
1,512,-1,11,0,19522315000,19522320000,19522328000,30720,0,0,8192,0,0,-2048,0,0,22524,6140,5
2,100,1,0,4,19522329000,19537980000,19537991000,30720,0,0,6144,0,0,0,0,0,24572,8188,4
1,512,512,0,0,19537996000,19538006000,19538014000,31232,0,0,6148,0,0,1532,0,0,24572,8188,3
1,512,512,0,0,19538077000,19538081000,19538089000,31744,0,0,6148,0,0,1020,0,0,24572,8188,3
1,512,512,0,0,19538152000,19538155000,19538163000,32256,0,0,6148,0,0,508,0,0,24572,8188,3
1,512,512,0,0,19538226000,19538235000,19538243000,32768,0,0,8192,0,0,-2048,0,0,24572,8188,5
1,512,-1,11,0,19538307000,19538311000,19538319000,32768,0,0,8192,0,0,-2048,0,0,24572,8188,5
2,100,1,0,4,19538320000,19553970000,19553983000,32768,0,0,6144,0,0,0,0,0,26620,2044,4
1,512,512,0,0,19553987000,19553998000,19554006000,33280,0,0,6148,0,0,1532,0,0,26620,2044,3
1,512,512,0,0,19554071000,19554075000,19554082000,33792,0,0,6148,0,0,1020,0,0,26620,2044,3
1,512,512,0,0,19554146000,19554150000,19554157000,34304,0,0,6148,0,0,508,0,0,26620,2044,3
1,512,512,0,0,19554221000,19554231000,19554238000,34816,0,0,8192,0,0,-2048,0,0,26620,2044,5
1,512,-1,11,0,19554302000,19554307000,19554315000,34816,0,0,8192,0,0,-2048,0,0,26620,2044,5
2,100,1,0,4,19554316000,19569986000,19570081000,34816,0,0,6144,0,0,0,0,0,28668,4092,4
1,512,512,0,0,19570086000,19570105000,19570116000,35328,0,0,6148,0,0,1532,0,0,28668,4092,3
1,512,512,0,0,19570183000,19570188000,19570197000,35840,0,0,6148,0,0,1020,0,0,28668,4092,3
1,512,512,0,0,19570260000,19570264000,19570272000,36352,0,0,6148,0,0,508,0,0,28668,4092,3
1,512,512,0,0,19570336000,19570346000,19570354000,36864,0,0,8192,0,0,-2048,0,0,28668,4092,5
1,512,-1,11,0,19570418000,19570422000,19570430000,36864,0,0,8192,0,0,-2048,0,0,28668,4092,5
2,100,1,0,4,19570431000,19585986000,19586000000,36864,0,0,6144,0,0,0,0,0,30716,6140,4
1,512,512,0,0,19586004000,19586015000,19586023000,37376,0,0,6148,0,0,1532,0,0,30716,6140,3
1,512,512,0,0,19586087000,19586091000,19586099000,37888,0,0,6148,0,0,1020,0,0,30716,6140,3
1,512,512,0,0,19586163000,19586166000,19586174000,38400,0,0,6148,0,0,508,0,0,30716,6140,3
1,512,512,0,0,19586237000,19586247000,19586255000,38912,0,0,8192,0,0,-2048,0,0,30716,6140,5
1,512,-1,11,0,19586319000,19586323000,19586331000,38912,0,0,8192,0,0,-2048,0,0,30716,6140,5
2,100,1,0,4,19586332000,19601971000,19601985000,38912,0,0,6144,0,0,0,0,0,32764,8188,4
1,512,512,0,0,19601989000,19602001000,19602009000,39424,0,0,6148,0,0,1532,0,0,32764,8188,3
1,512,512,0,0,19602073000,19602077000,19602085000,39936,0,0,6148,0,0,1020,0,0,32764,8188,3
1,512,512,0,0,19602149000,19602153000,19602160000,40448,0,0,6148,0,0,508,0,0,32764,8188,3
1,512,512,0,0,19602225000,19602236000,19602243000,40960,0,0,8192,0,0,-2048,0,0,32764,8188,5
1,512,-1,11,0,19602305000,19602310000,19602318000,40960,0,0,8192,0,0,-2048,0,0,32764,8188,5
2,100,1,0,4,19602319000,19617976000,19617987000,40960,0,0,6144,0,0,0,0,0,34812,2044,4
1,512,512,0,0,19617991000,19618000000,19618008000,41472,0,0,6148,0,0,1532,0,0,34812,2044,3
1,512,512,0,0,19618072000,19618076000,19618084000,41984,0,0,6148,0,0,1020,0,0,34812,2044,3
1,512,512,0,0,19618148000,19618152000,19618159000,42496,0,0,6148,0,0,508,0,0,34812,2044,3
1,512,512,0,0,19618224000,19618234000,19618242000,43008,0,0,8192,0,0,-2048,0,0,34812,2044,5
1,512,-1,11,0,19618308000,19618312000,19618320000,43008,0,0,8192,0,0,-2048,0,0,34812,2044,5
2,100,1,0,4,19618321000,19633995000,19634011000,43008,0,0,6144,0,0,0,0,0,36860,4092,4
1,512,512,0,0,19634015000,19634029000,19634038000,43520,0,0,6148,0,0,1532,0,0,36860,4092,3
1,512,512,0,0,19634103000,19634107000,19634115000,44032,0,0,6148,0,0,1020,0,0,36860,4092,3
1,512,512,0,0,19634179000,19634183000,19634190000,44544,0,0,6148,0,0,508,0,0,36860,4092,3
1,512,512,0,0,19634254000,19634264000,19634272000,45056,0,0,8192,0,0,-2048,0,0,36860,4092,5
1,512,-1,11,0,19634336000,19634341000,19634349000,45056,0,0,8192,0,0,-2048,0,0,36860,4092,5
2,100,1,0,4,19634349000,19649982000,19649995000,45056,0,0,6144,0,0,0,0,0,38908,6140,4
1,512,512,0,0,19650014000,19650026000,19650035000,45568,0,0,6148,0,0,1532,0,0,38908,6140,3
1,512,512,0,0,19650101000,19650105000,19650112000,46080,0,0,6148,0,0,1020,0,0,38908,6140,3
1,512,512,0,0,19650176000,19650180000,19650188000,46592,0,0,6148,0,0,508,0,0,38908,6140,3
1,512,512,0,0,19650252000,19650262000,19650270000,47104,0,0,8192,0,0,-2048,0,0,38908,6140,5
1,512,-1,11,0,19650334000,19650338000,19650346000,47104,0,0,8192,0,0,-2048,0,0,38908,6140,5
2,100,1,0,4,19650347000,19665967000,19665980000,47104,0,0,6144,0,0,0,0,0,40956,8188,4
1,512,512,0,0,19665984000,19665996000,19666004000,47616,0,0,6148,0,0,1532,0,0,40956,8188,3
1,512,512,0,0,19666070000,19666074000,19666082000,48128,0,0,6148,0,0,1020,0,0,40956,8188,3
1,512,512,0,0,19666148000,19666152000,19666159000,48640,0,0,6148,0,0,508,0,0,40956,8188,3
1,512,512,0,0,19666226000,19666235000,19666243000,49152,0,0,8192,0,0,-2048,0,0,40956,8188,5
1,512,-1,11,0,19666308000,19666312000,19666320000,49152,0,0,8192,0,0,-2048,0,0,40956,8188,5
2,100,1,0,4,19666321000,19681978000,19681993000,49152,0,0,6144,0,0,0,0,0,43004,2044,4
1,512,512,0,0,19681997000,19682010000,19682019000,49664,0,0,6148,0,0,1532,0,0,43004,2044,3
1,512,512,0,0,19682085000,19682089000,19682097000,50176,0,0,6148,0,0,1020,0,0,43004,2044,3
1,512,512,0,0,19682162000,19682166000,19682173000,50688,0,0,6148,0,0,508,0,0,43004,2044,3
1,512,512,0,0,19682239000,19682248000,19682256000,51200,0,0,8192,0,0,-2048,0,0,43004,2044,5
1,512,-1,11,0,19682320000,19682325000,19682333000,51200,0,0,8192,0,0,-2048,0,0,43004,2044,5
2,100,1,0,4,19682334000,19697968000,19697982000,51200,0,0,6144,0,0,0,0,0,45052,4092,4
1,512,512,0,0,19697986000,19697997000,19698005000,51712,0,0,6148,0,0,1532,0,0,45052,4092,3
1,512,512,0,0,19698070000,19698074000,19698082000,52224,0,0,6148,0,0,1020,0,0,45052,4092,3
1,512,512,0,0,19698146000,19698150000,19698157000,52736,0,0,6148,0,0,508,0,0,45052,4092,3
1,512,512,0,0,19698221000,19698231000,19698239000,53248,0,0,8192,0,0,-2048,0,0,45052,4092,5
1,512,-1,11,0,19698303000,19698307000,19698315000,53248,0,0,8192,0,0,-2048,0,0,45052,4092,5
2,100,1,0,4,19698316000,19713974000,19713985000,53248,0,0,6144,0,0,0,0,0,47100,6140,4
1,512,512,0,0,19713989000,19713998000,19714006000,53760,0,0,6148,0,0,1532,0,0,47100,6140,3
1,512,512,0,0,19714072000,19714076000,19714083000,54272,0,0,6148,0,0,1020,0,0,47100,6140,3
1,512,512,0,0,19714149000,19714152000,19714160000,54784,0,0,6148,0,0,508,0,0,47100,6140,3
1,512,512,0,0,19714225000,19714234000,19714242000,55296,0,0,8192,0,0,-2048,0,0,47100,6140,5
1,512,-1,11,0,19714306000,19714310000,19714318000,55296,0,0,8192,0,0,-2048,0,0,47100,6140,5
2,100,1,0,4,19714319000,19729967000,19729979000,55296,0,0,6144,0,0,0,0,0,49148,8188,4
1,512,512,0,0,19729983000,19729994000,19730016000,55808,0,0,6148,0,0,1532,0,0,49148,8188,3
1,512,512,0,0,19730082000,19730087000,19730095000,56320,0,0,6148,0,0,1020,0,0,49148,8188,3
1,512,512,0,0,19730159000,19730163000,19730170000,56832,0,0,6148,0,0,508,0,0,49148,8188,3
1,512,512,0,0,19730234000,19730245000,19730253000,57344,0,0,8192,0,0,-2048,0,0,49148,8188,5
1,512,-1,11,0,19730316000,19730321000,19730329000,57344,0,0,8192,0,0,-2048,0,0,49148,8188,5
2,100,1,0,4,19730329000,19745992000,19746005000,57344,0,0,6144,0,0,0,0,0,51196,2044,4
1,512,512,0,0,19746010000,19746022000,19746031000,57856,0,0,6148,0,0,1532,0,0,51196,2044,3
1,512,512,0,0,19746096000,19746100000,19746108000,58368,0,0,6148,0,0,1020,0,0,51196,2044,3
1,512,512,0,0,19746174000,19746178000,19746185000,58880,0,0,6148,0,0,508,0,0,51196,2044,3
1,512,512,0,0,19746251000,19746261000,19746268000,59392,0,0,8192,0,0,-2048,0,0,51196,2044,5
1,512,-1,11,0,19746333000,19746338000,19746345000,59392,0,0,8192,0,0,-2048,0,0,51196,2044,5
2,100,1,0,4,19746346000,19761972000,19761986000,59392,0,0,6144,0,0,0,0,0,53244,4092,4
1,512,512,0,0,19761990000,19762002000,19762010000,59904,0,0,6148,0,0,1532,0,0,53244,4092,3
1,512,512,0,0,19762076000,19762080000,19762088000,60416,0,0,6148,0,0,1020,0,0,53244,4092,3
1,512,512,0,0,19762154000,19762157000,19762165000,60928,0,0,6148,0,0,508,0,0,53244,4092,3
1,512,512,0,0,19762232000,19762242000,19762249000,61440,0,0,8192,0,0,-2048,0,0,53244,4092,5
1,512,-1,11,0,19762314000,19762318000,19762326000,61440,0,0,8192,0,0,-2048,0,0,53244,4092,5
2,100,1,0,4,19762327000,19777978000,19777995000,61440,0,0,6144,0,0,0,0,0,55292,6140,4
1,512,512,0,0,19778000000,19778017000,19778026000,61952,0,0,6148,0,0,1532,0,0,55292,6140,3
1,512,512,0,0,19778093000,19778097000,19778106000,62464,0,0,6148,0,0,1020,0,0,55292,6140,3
1,512,512,0,0,19778171000,19778175000,19778183000,62976,0,0,6148,0,0,508,0,0,55292,6140,3
1,512,512,0,0,19778246000,19778256000,19778264000,63488,0,0,8192,0,0,-2048,0,0,55292,6140,5
1,512,-1,11,0,19778328000,19778333000,19778341000,63488,0,0,8192,0,0,-2048,0,0,55292,6140,5
2,100,1,0,4,19778342000,19793981000,19793997000,63488,0,0,6144,0,0,0,0,0,57340,8188,4
1,512,512,0,0,19794001000,19794016000,19794024000,64000,0,0,6148,0,0,1532,0,0,57340,8188,3
1,512,512,0,0,19794089000,19794093000,19794102000,64512,0,0,6148,0,0,1020,0,0,57340,8188,3
1,512,512,0,0,19794167000,19794171000,19794178000,65024,0,0,6148,0,0,508,0,0,57340,8188,3
1,512,512,0,0,19794244000,19794254000,19794262000,65536,0,0,8192,0,0,-2048,0,0,57340,8188,5
1,512,-1,11,0,19794327000,19794332000,19794340000,65536,0,0,8192,0,0,-2048,0,0,57340,8188,5
2,100,1,0,4,19794341000,19809973000,19809986000,65536,0,0,6144,0,0,0,0,0,59388,2044,4
1,512,512,0,0,19809990000,19810020000,19810063000,66048,0,0,6148,0,0,1532,0,0,59388,2044,3
1,512,512,0,0,19810130000,19810135000,19810144000,66560,0,0,6148,0,0,1020,0,0,59388,2044,3
1,512,512,0,0,19810207000,19810211000,19810219000,67072,0,0,6148,0,0,508,0,0,59388,2044,3
1,512,512,0,0,19810283000,19810295000,19810303000,67584,0,0,8192,0,0,-2048,0,0,59388,2044,5
1,512,-1,11,0,19810368000,19810372000,19810380000,67584,0,0,8192,0,0,-2048,0,0,59388,2044,5
2,100,1,0,4,19810381000,19825973000,19825985000,67584,0,0,6144,0,0,0,0,0,61436,4092,4
1,512,512,0,0,19825990000,19826000000,19826008000,68096,0,0,6148,0,0,1532,0,0,61436,4092,3
1,512,512,0,0,19826074000,19826078000,19826085000,68608,0,0,6148,0,0,1020,0,0,61436,4092,3
1,512,512,0,0,19826150000,19826154000,19826161000,69120,0,0,6148,0,0,508,0,0,61436,4092,3
1,512,512,0,0,19826227000,19826236000,19826244000,69632,0,0,8192,0,0,-2048,0,0,61436,4092,5
1,512,-1,11,0,19826311000,19826316000,19826323000,69632,0,0,8192,0,0,-2048,0,0,61436,4092,5
2,100,1,0,4,19826324000,19841963000,19841976000,69632,0,0,6144,0,0,0,0,0,63484,6140,4
1,512,512,0,0,19841980000,19841991000,19841999000,70144,0,0,6148,0,0,1532,0,0,63484,6140,3
1,512,512,0,0,19842065000,19842069000,19842077000,70656,0,0,6148,0,0,1020,0,0,63484,6140,3
1,512,512,0,0,19842143000,19842147000,19842155000,71168,0,0,6148,0,0,508,0,0,63484,6140,3
1,512,512,0,0,19842222000,19842232000,19842239000,71680,0,0,8192,0,0,-2048,0,0,63484,6140,5
1,512,-1,11,0,19842305000,19842309000,19842317000,71680,0,0,8192,0,0,-2048,0,0,63484,6140,5
2,100,1,0,4,19842318000,19857970000,19857983000,71680,0,0,6144,0,0,0,0,0,65532,8188,4
1,512,512,0,0,19857987000,19858021000,19858033000,72192,0,0,6148,0,0,1532,0,0,65532,8188,3
1,512,512,0,0,19858101000,19858106000,19858115000,72704,0,0,6148,0,0,1020,0,0,65532,8188,3
1,512,512,0,0,19858178000,19858182000,19858190000,73216,0,0,6148,0,0,508,0,0,65532,8188,3
1,512,512,0,0,19858254000,19858264000,19858272000,73728,0,0,8192,0,0,-2048,0,0,65532,8188,5
1,512,-1,11,0,19858337000,19858341000,19858348000,73728,0,0,8192,0,0,-2048,0,0,65532,8188,5
2,100,1,0,4,19858349000,19873966000,19873980000,73728,0,0,6144,0,0,0,0,0,67580,2044,4
1,512,512,0,0,19873984000,19873996000,19874005000,74240,0,0,6148,0,0,1532,0,0,67580,2044,3
1,512,512,0,0,19874070000,19874074000,19874082000,74752,0,0,6148,0,0,1020,0,0,67580,2044,3
1,512,512,0,0,19874148000,19874152000,19874160000,75264,0,0,6148,0,0,508,0,0,67580,2044,3
1,512,512,0,0,19874225000,19874235000,19874242000,75776,0,0,8192,0,0,-2048,0,0,67580,2044,5
1,512,-1,11,0,19874306000,19874311000,19874319000,75776,0,0,8192,0,0,-2048,0,0,67580,2044,5
2,100,1,0,4,19874320000,19889971000,19889982000,75776,0,0,6144,0,0,0,0,0,69628,4092,4
1,512,512,0,0,19889986000,19889995000,19890057000,76288,0,0,6148,0,0,1532,0,0,69628,4092,3
1,512,512,0,0,19890123000,19890129000,19890138000,76800,0,0,6148,0,0,1020,0,0,69628,4092,3
1,512,512,0,0,19890202000,19890206000,19890214000,77312,0,0,6148,0,0,508,0,0,69628,4092,3
1,512,512,0,0,19890279000,19890291000,19890299000,77824,0,0,8192,0,0,-2048,0,0,69628,4092,5
1,512,-1,11,0,19890364000,19890368000,19890376000,77824,0,0,8192,0,0,-2048,0,0,69628,4092,5
2,100,1,0,4,19890377000,19905968000,19905983000,77824,0,0,6144,0,0,0,0,0,71676,6140,4
1,512,512,0,0,19905987000,19905999000,19906007000,78336,0,0,6148,0,0,1532,0,0,71676,6140,3
1,512,512,0,0,19906073000,19906077000,19906085000,78848,0,0,6148,0,0,1020,0,0,71676,6140,3
1,512,512,0,0,19906150000,19906154000,19906162000,79360,0,0,6148,0,0,508,0,0,71676,6140,3
1,512,512,0,0,19906226000,19906236000,19906244000,79872,0,0,8192,0,0,-2048,0,0,71676,6140,5
1,512,-1,11,0,19906309000,19906313000,19906321000,79872,0,0,8192,0,0,-2048,0,0,71676,6140,5
2,100,1,0,4,19906322000,19921973000,19921986000,79872,0,0,6144,0,0,0,0,0,73724,8188,4
1,512,512,0,0,19921990000,19922000000,19922008000,80384,0,0,6148,0,0,1532,0,0,73724,8188,3
1,512,512,0,0,19922076000,19922080000,19922088000,80896,0,0,6148,0,0,1020,0,0,73724,8188,3
1,512,512,0,0,19922155000,19922159000,19922166000,81408,0,0,6148,0,0,508,0,0,73724,8188,3
1,512,512,0,0,19922234000,19922244000,19922252000,81920,0,0,8192,0,0,-2048,0,0,73724,8188,5
1,512,-1,11,0,19922316000,19922320000,19922329000,81920,0,0,8192,0,0,-2048,0,0,73724,8188,5
2,100,1,0,4,19922330000,19937963000,19937975000,81920,0,0,6144,0,0,0,0,0,75772,2044,4
1,512,512,0,0,19937979000,19937989000,19937997000,82432,0,0,6148,0,0,1532,0,0,75772,2044,3
1,512,512,0,0,19938061000,19938065000,19938073000,82944,0,0,6148,0,0,1020,0,0,75772,2044,3
1,512,512,0,0,19938137000,19938140000,19938148000,83456,0,0,6148,0,0,508,0,0,75772,2044,3
1,512,512,0,0,19938213000,19938222000,19938230000,83968,0,0,8192,0,0,-2048,0,0,75772,2044,5
1,512,-1,11,0,19938295000,19938300000,19938307000,83968,0,0,8192,0,0,-2048,0,0,75772,2044,5
2,100,1,0,4,19938308000,19953968000,19953980000,83968,0,0,6144,0,0,0,0,0,77820,4092,4
1,512,512,0,0,19953984000,19953994000,19954002000,84480,0,0,6148,0,0,1532,0,0,77820,4092,3
1,512,512,0,0,19954069000,19954073000,19954081000,84992,0,0,6148,0,0,1020,0,0,77820,4092,3
1,512,512,0,0,19954148000,19954151000,19954159000,85504,0,0,6148,0,0,508,0,0,77820,4092,3
1,512,512,0,0,19954225000,19954235000,19954243000,86016,0,0,8192,0,0,-2048,0,0,77820,4092,5
1,512,-1,11,0,19954310000,19954314000,19954322000,86016,0,0,8192,0,0,-2048,0,0,77820,4092,5
2,100,1,0,4,19954323000,19969960000,19969973000,86016,0,0,6144,0,0,0,0,0,79868,6140,4
1,512,512,0,0,19969978000,19969989000,19969998000,86528,0,0,6148,0,0,1532,0,0,79868,6140,3
1,512,512,0,0,19970082000,19970109000,19970123000,87040,0,0,6148,0,0,1020,0,0,79868,6140,3
1,512,512,0,0,19970190000,19970195000,19970203000,87552,0,0,6148,0,0,508,0,0,79868,6140,3
1,512,512,0,0,19970268000,19970278000,19970287000,88064,0,0,8192,0,0,-2048,0,0,79868,6140,5
1,512,-1,11,0,19970352000,19970357000,19970365000,88064,0,0,8192,0,0,-2048,0,0,79868,6140,5
2,100,1,0,4,19970366000,19985976000,19985996000,88064,0,0,6144,0,0,0,0,0,81916,8188,4
1,512,512,0,0,19986000000,19986015000,19986024000,88576,0,0,6148,0,0,1532,0,0,81916,8188,3
1,512,512,0,0,19986092000,19986096000,19986105000,89088,0,0,6148,0,0,1020,0,0,81916,8188,3
1,512,512,0,0,19986170000,19986174000,19986181000,89600,0,0,6148,0,0,508,0,0,81916,8188,3
1,512,512,0,0,19986248000,19986258000,19986266000,90112,0,0,8192,0,0,-2048,0,0,81916,8188,5
1,512,-1,11,0,19986332000,19986336000,19986344000,90112,0,0,8192,0,0,-2048,0,0,81916,8188,5
2,100,1,0,4,19986345000,20001972000,20001990000,90112,0,0,6144,0,0,0,0,0,83964,2044,4
1,512,512,0,0,20001994000,20002009000,20002018000,90624,0,0,6148,0,0,1532,0,0,83964,2044,3
1,512,512,0,0,20002085000,20002089000,20002097000,91136,0,0,6148,0,0,1020,0,0,83964,2044,3
1,512,512,0,0,20002165000,20002169000,20002177000,91648,0,0,6148,0,0,508,0,0,83964,2044,3
1,512,512,0,0,20002243000,20002253000,20002261000,92160,0,0,8192,0,0,-2048,0,0,83964,2044,5
1,512,-1,11,0,20002326000,20002331000,20002339000,92160,0,0,8192,0,0,-2048,0,0,83964,2044,5
2,100,1,0,4,20002340000,20017974000,20017986000,92160,0,0,6144,0,0,0,0,0,86012,4092,4
1,512,512,0,0,20017990000,20018000000,20018008000,92672,0,0,6148,0,0,1532,0,0,86012,4092,3
1,512,512,0,0,20018074000,20018078000,20018086000,93184,0,0,6148,0,0,1020,0,0,86012,4092,3
1,512,512,0,0,20018151000,20018155000,20018162000,93696,0,0,6148,0,0,508,0,0,86012,4092,3
1,512,512,0,0,20018228000,20018238000,20018246000,94208,0,0,8192,0,0,-2048,0,0,86012,4092,5
1,512,-1,11,0,20018312000,20018317000,20018324000,94208,0,0,8192,0,0,-2048,0,0,86012,4092,5
2,100,1,0,4,20018325000,20033968000,20033981000,94208,0,0,6144,0,0,0,0,0,88060,6140,4
1,512,512,0,0,20033986000,20033998000,20034006000,94720,0,0,6148,0,0,1532,0,0,88060,6140,3
1,512,512,0,0,20034074000,20034078000,20034087000,95232,0,0,6148,0,0,1020,0,0,88060,6140,3
1,512,512,0,0,20034152000,20034156000,20034163000,95744,0,0,6148,0,0,508,0,0,88060,6140,3
1,512,512,0,0,20034229000,20034239000,20034247000,96256,0,0,8192,0,0,-2048,0,0,88060,6140,5
1,512,-1,11,0,20034313000,20034317000,20034325000,96256,0,0,8192,0,0,-2048,0,0,88060,6140,5
2,100,1,0,4,20034326000,20049971000,20049982000,96256,0,0,6144,0,0,0,0,0,90108,8188,4
1,512,512,0,0,20049986000,20049995000,20050055000,96768,0,0,6148,0,0,1532,0,0,90108,8188,3
1,512,512,0,0,20050122000,20050128000,20050138000,97280,0,0,6148,0,0,1020,0,0,90108,8188,3
1,512,512,0,0,20050204000,20050208000,20050216000,97792,0,0,6148,0,0,508,0,0,90108,8188,3
1,512,512,0,0,20050281000,20050293000,20050302000,98304,0,0,8192,0,0,-2048,0,0,90108,8188,5
1,512,-1,11,0,20050367000,20050372000,20050380000,98304,0,0,8192,0,0,-2048,0,0,90108,8188,5
2,100,1,0,4,20050381000,20065969000,20065982000,98304,0,0,6144,0,0,0,0,0,92156,2044,4
1,512,512,0,0,20065986000,20065996000,20066005000,98816,0,0,6148,0,0,1532,0,0,92156,2044,3
1,512,512,0,0,20066071000,20066075000,20066083000,99328,0,0,6148,0,0,1020,0,0,92156,2044,3
1,512,512,0,0,20066149000,20066153000,20066160000,99840,0,0,6148,0,0,508,0,0,92156,2044,3
1,512,512,0,0,20066228000,20066238000,20066246000,100352,0,0,8192,0,0,-2048,0,0,92156,2044,5
1,512,-1,11,0,20066312000,20066316000,20066324000,100352,0,0,8192,0,0,-2048,0,0,92156,2044,5
2,100,1,0,4,20066325000,20081959000,20081973000,100352,0,0,6144,0,0,0,0,0,94204,4092,4
1,512,512,0,0,20081977000,20081989000,20081998000,100864,0,0,6148,0,0,1532,0,0,94204,4092,3
1,512,512,0,0,20082065000,20082096000,20082106000,101376,0,0,6148,0,0,1020,0,0,94204,4092,3
1,512,512,0,0,20082175000,20082180000,20082188000,101888,0,0,6148,0,0,508,0,0,94204,4092,3
1,512,512,0,0,20082257000,20082266000,20082274000,102400,0,0,8192,0,0,-2048,0,0,94204,4092,5
1,512,-1,11,0,20082341000,20082346000,20082354000,102400,0,0,8192,0,0,-2048,0,0,94204,4092,5
2,100,1,0,4,20082355000,20097972000,20097985000,102400,0,0,6144,0,0,0,0,0,96252,6140,4
1,512,512,0,0,20097989000,20097999000,20098007000,102912,0,0,6148,0,0,1532,0,0,96252,6140,3
1,512,512,0,0,20098073000,20098077000,20098084000,103424,0,0,6148,0,0,1020,0,0,96252,6140,3
1,512,512,0,0,20098150000,20098154000,20098162000,103936,0,0,6148,0,0,508,0,0,96252,6140,3
1,512,512,0,0,20098227000,20098236000,20098245000,104448,0,0,8192,0,0,-2048,0,0,96252,6140,5
1,512,-1,11,0,20098310000,20098314000,20098322000,104448,0,0,8192,0,0,-2048,0,0,96252,6140,5
2,100,1,0,4,20098323000,20113963000,20113977000,104448,0,0,6144,0,0,0,0,0,98300,8188,4
1,512,512,0,0,20113981000,20113993000,20114002000,104960,0,0,6148,0,0,1532,0,0,98300,8188,3
1,512,512,0,0,20114068000,20114073000,20114081000,105472,0,0,6148,0,0,1020,0,0,98300,8188,3
1,512,512,0,0,20114146000,20114149000,20114157000,105984,0,0,6148,0,0,508,0,0,98300,8188,3
1,512,512,0,0,20114222000,20114232000,20114241000,106496,0,0,8192,0,0,-2048,0,0,98300,8188,5
1,512,-1,11,0,20114306000,20114311000,20114319000,106496,0,0,8192,0,0,-2048,0,0,98300,8188,5
2,100,1,0,4,20114319000,20129966000,20129979000,106496,0,0,6144,0,0,0,0,0,100348,2044,4
1,512,512,0,0,20129983000,20129993000,20130014000,107008,0,0,6148,0,0,1532,0,0,100348,2044,3
1,512,512,0,0,20130080000,20130085000,20130094000,107520,0,0,6148,0,0,1020,0,0,100348,2044,3
1,512,512,0,0,20130160000,20130164000,20130172000,108032,0,0,6148,0,0,508,0,0,100348,2044,3
1,512,512,0,0,20130238000,20130247000,20130255000,108544,0,0,8192,0,0,-2048,0,0,100348,2044,5
1,512,-1,11,0,20130321000,20130326000,20130334000,108544,0,0,8192,0,0,-2048,0,0,100348,2044,5
2,100,1,0,4,20130334000,20145959000,20145973000,108544,0,0,6144,0,0,0,0,0,102396,4092,4
1,512,512,0,0,20145977000,20145988000,20145996000,109056,0,0,6148,0,0,1532,0,0,102396,4092,3
1,512,512,0,0,20146063000,20146067000,20146075000,109568,0,0,6148,0,0,1020,0,0,102396,4092,3
1,512,512,0,0,20146142000,20146146000,20146153000,110080,0,0,6148,0,0,508,0,0,102396,4092,3
1,512,512,0,0,20146220000,20146230000,20146238000,110592,0,0,8192,0,0,-2048,0,0,102396,4092,5
1,512,-1,11,0,20146303000,20146308000,20146315000,110592,0,0,8192,0,0,-2048,0,0,102396,4092,5
2,100,1,0,4,20146316000,20161965000,20161976000,110592,0,0,6144,0,0,0,0,0,104444,6140,4
1,512,512,0,0,20161980000,20161989000,20161997000,111104,0,0,6148,0,0,1532,0,0,104444,6140,3
1,512,512,0,0,20162063000,20162067000,20162074000,111616,0,0,6148,0,0,1020,0,0,104444,6140,3
1,512,512,0,0,20162140000,20162144000,20162151000,112128,0,0,6148,0,0,508,0,0,104444,6140,3
1,512,512,0,0,20162217000,20162226000,20162234000,112640,0,0,8192,0,0,-2048,0,0,104444,6140,5
1,512,-1,11,0,20162300000,20162304000,20162312000,112640,0,0,8192,0,0,-2048,0,0,104444,6140,5
2,100,1,0,4,20162313000,20177956000,20177968000,112640,0,0,6144,0,0,0,0,0,106492,8188,4
1,512,512,0,0,20177972000,20177983000,20177991000,113152,0,0,6148,0,0,1532,0,0,106492,8188,3
1,512,512,0,0,20178058000,20178062000,20178070000,113664,0,0,6148,0,0,1020,0,0,106492,8188,3
1,512,512,0,0,20178135000,20178139000,20178147000,114176,0,0,6148,0,0,508,0,0,106492,8188,3
1,512,512,0,0,20178212000,20178221000,20178229000,114688,0,0,8192,0,0,-2048,0,0,106492,8188,5
1,512,-1,11,0,20178295000,20178299000,20178307000,114688,0,0,8192,0,0,-2048,0,0,106492,8188,5
2,100,1,0,4,20178308000,20193975000,20193993000,114688,0,0,6144,0,0,0,0,0,108540,2044,4
1,512,512,0,0,20193998000,20194014000,20194023000,115200,0,0,6148,0,0,1532,0,0,108540,2044,3
1,512,512,0,0,20194091000,20194096000,20194104000,115712,0,0,6148,0,0,1020,0,0,108540,2044,3
1,512,512,0,0,20194170000,20194197000,20194209000,116224,0,0,6148,0,0,508,0,0,108540,2044,3
1,512,512,0,0,20194277000,20194289000,20194298000,116736,0,0,8192,0,0,-2048,0,0,108540,2044,5
1,512,-1,11,0,20194365000,20194370000,20194378000,116736,0,0,8192,0,0,-2048,0,0,108540,2044,5
2,100,1,0,4,20194379000,20209969000,20209985000,116736,0,0,6144,0,0,0,0,0,110588,4092,4
1,512,512,0,0,20209990000,20210022000,20210033000,117248,0,0,6148,0,0,1532,0,0,110588,4092,3
1,512,512,0,0,20210101000,20210105000,20210114000,117760,0,0,6148,0,0,1020,0,0,110588,4092,3
1,512,512,0,0,20210179000,20210183000,20210190000,118272,0,0,6148,0,0,508,0,0,110588,4092,3
1,512,512,0,0,20210256000,20210267000,20210276000,118784,0,0,8192,0,0,-2048,0,0,110588,4092,5
1,512,-1,11,0,20210342000,20210346000,20210354000,118784,0,0,8192,0,0,-2048,0,0,110588,4092,5
2,100,1,0,4,20210355000,20225963000,20225976000,118784,0,0,6144,0,0,0,0,0,112636,6140,4
1,512,512,0,0,20225981000,20225992000,20226000000,119296,0,0,6148,0,0,1532,0,0,112636,6140,3
1,512,512,0,0,20226068000,20226072000,20226080000,119808,0,0,6148,0,0,1020,0,0,112636,6140,3
1,512,512,0,0,20226145000,20226149000,20226156000,120320,0,0,6148,0,0,508,0,0,112636,6140,3
1,512,512,0,0,20226224000,20226234000,20226242000,120832,0,0,8192,0,0,-2048,0,0,112636,6140,5
1,512,-1,11,0,20226308000,20226312000,20226319000,120832,0,0,8192,0,0,-2048,0,0,112636,6140,5
2,100,1,0,4,20226320000,20241964000,20241979000,120832,0,0,6144,0,0,0,0,0,114684,8188,4
1,512,512,0,0,20241983000,20241995000,20242004000,121344,0,0,6148,0,0,1532,0,0,114684,8188,3
1,512,512,0,0,20242072000,20242076000,20242083000,121856,0,0,6148,0,0,1020,0,0,114684,8188,3
1,512,512,0,0,20242151000,20242155000,20242162000,122368,0,0,6148,0,0,508,0,0,114684,8188,3
1,512,512,0,0,20242230000,20242240000,20242248000,122880,0,0,8192,0,0,-2048,0,0,114684,8188,5
1,512,-1,11,0,20242315000,20242319000,20242327000,122880,0,0,8192,0,0,-2048,0,0,114684,8188,5
2,100,1,0,4,20242328000,20257964000,20257975000,122880,0,0,6144,0,0,0,0,0,116732,2044,4
1,512,512,0,0,20257979000,20257989000,20257997000,123392,0,0,6148,0,0,1532,0,0,116732,2044,3
1,512,512,0,0,20258063000,20258067000,20258074000,123904,0,0,6148,0,0,1020,0,0,116732,2044,3
1,512,512,0,0,20258139000,20258142000,20258150000,124416,0,0,6148,0,0,508,0,0,116732,2044,3
1,512,512,0,0,20258215000,20258224000,20258232000,124928,0,0,8192,0,0,-2048,0,0,116732,2044,5
1,512,-1,11,0,20258297000,20258301000,20258309000,124928,0,0,8192,0,0,-2048,0,0,116732,2044,5
2,100,1,0,4,20258310000,20273961000,20273974000,124928,0,0,6144,0,0,0,0,0,118780,4092,4
1,512,512,0,0,20273979000,20273991000,20273999000,125440,0,0,6148,0,0,1532,0,0,118780,4092,3
1,512,512,0,0,20274066000,20274070000,20274078000,125952,0,0,6148,0,0,1020,0,0,118780,4092,3
1,512,512,0,0,20274143000,20274147000,20274154000,126464,0,0,6148,0,0,508,0,0,118780,4092,3
1,512,512,0,0,20274220000,20274230000,20274238000,126976,0,0,8192,0,0,-2048,0,0,118780,4092,5
1,512,-1,11,0,20274305000,20274309000,20274317000,126976,0,0,8192,0,0,-2048,0,0,118780,4092,5
2,100,1,0,4,20274318000,20289960000,20289972000,126976,0,0,6144,0,0,0,0,0,120828,6140,4
1,512,512,0,0,20289975000,20289984000,20289992000,127488,0,0,6148,0,0,1532,0,0,120828,6140,3
1,512,512,0,0,20290101000,20290106000,20290118000,128000,0,0,6148,0,0,1020,0,0,120828,6140,3
1,512,512,0,0,20290184000,20290188000,20290196000,128512,0,0,6148,0,0,508,0,0,120828,6140,3
1,512,512,0,0,20290261000,20290272000,20290280000,129024,0,0,8192,0,0,-2048,0,0,120828,6140,5
1,512,-1,11,0,20290346000,20290350000,20290359000,129024,0,0,8192,0,0,-2048,0,0,120828,6140,5
2,100,1,0,4,20290359000,20305963000,20305975000,129024,0,0,6144,0,0,0,0,0,122876,8188,4
1,512,512,0,0,20305979000,20305989000,20305996000,129536,0,0,6148,0,0,1532,0,0,122876,8188,3
1,512,512,0,0,20306064000,20306068000,20306075000,130048,0,0,6148,0,0,1020,0,0,122876,8188,3
1,512,512,0,0,20306141000,20306145000,20306152000,130560,0,0,6148,0,0,508,0,0,122876,8188,3
1,512,512,0,0,20306219000,20306250000,20306262000,131072,0,0,8192,0,0,-2048,0,0,122876,8188,5
1,512,-1,11,0,20306327000,20306334000,20306342000,131072,0,0,8192,0,0,-2048,0,0,122876,8188,5
2,100,1,0,4,20306343000,20321956000,20321971000,131072,0,0,6144,0,0,0,0,0,124924,2044,4
1,512,512,0,0,20321975000,20321986000,20321994000,131584,0,0,6148,0,0,1532,0,0,124924,2044,3
1,512,512,0,0,20322061000,20322065000,20322073000,132096,0,0,6148,0,0,1020,0,0,124924,2044,3
1,512,512,0,0,20322140000,20322144000,20322151000,132608,0,0,6148,0,0,508,0,0,124924,2044,3
1,512,512,0,0,20322219000,20322228000,20322236000,133120,0,0,8192,0,0,-2048,0,0,124924,2044,5
1,512,-1,11,0,20322303000,20322307000,20322315000,133120,0,0,8192,0,0,-2048,0,0,124924,2044,5
2,100,1,0,4,20322316000,20337962000,20337975000,133120,0,0,6144,0,0,0,0,0,126972,4092,4
1,512,512,0,0,20337978000,20337990000,20337998000,133632,0,0,6148,0,0,1532,0,0,126972,4092,3
1,512,512,0,0,20338065000,20338068000,20338076000,134144,0,0,6148,0,0,1020,0,0,126972,4092,3
1,512,512,0,0,20338141000,20338145000,20338152000,134656,0,0,6148,0,0,508,0,0,126972,4092,3
1,512,512,0,0,20338218000,20338227000,20338235000,135168,0,0,8192,0,0,-2048,0,0,126972,4092,5
1,512,-1,11,0,20338301000,20338305000,20338313000,135168,0,0,8192,0,0,-2048,0,0,126972,4092,5
2,100,1,0,4,20338314000,20353954000,20353968000,135168,0,0,6144,0,0,0,0,0,129020,6140,4
1,512,512,0,0,20353973000,20353984000,20353992000,135680,0,0,6148,0,0,1532,0,0,129020,6140,3
1,512,512,0,0,20354059000,20354063000,20354071000,136192,0,0,6148,0,0,1020,0,0,129020,6140,3
1,512,512,0,0,20354137000,20354140000,20354148000,136704,0,0,6148,0,0,508,0,0,129020,6140,3
1,512,512,0,0,20354214000,20354225000,20354233000,137216,0,0,8192,0,0,-2048,0,0,129020,6140,5
1,512,-1,11,0,20354298000,20354303000,20354311000,137216,0,0,8192,0,0,-2048,0,0,129020,6140,5
2,100,1,0,4,20354312000,20369958000,20369970000,137216,0,0,6144,0,0,0,0,0,131068,8188,4
1,512,512,0,0,20369974000,20369984000,20369992000,137728,0,0,6148,0,0,1532,0,0,131068,8188,3
1,512,512,0,0,20370070000,20370075000,20370084000,138240,0,0,6148,0,0,1020,0,0,131068,8188,3
1,512,512,0,0,20370151000,20370155000,20370163000,138752,0,0,6148,0,0,508,0,0,131068,8188,3
1,512,512,0,0,20370230000,20370239000,20370248000,139264,0,0,8192,0,0,-2048,0,0,131068,8188,5
1,512,-1,11,0,20370316000,20370320000,20370328000,139264,0,0,8192,0,0,-2048,0,0,131068,8188,5
2,100,1,0,4,20370329000,20385952000,20385965000,139264,0,0,6144,0,0,0,0,0,133116,2044,4
1,512,512,0,0,20385969000,20385981000,20385990000,139776,0,0,6148,0,0,1532,0,0,133116,2044,3
1,512,512,0,0,20386058000,20386062000,20386070000,140288,0,0,6148,0,0,1020,0,0,133116,2044,3
1,512,512,0,0,20386137000,20386141000,20386149000,140800,0,0,6148,0,0,508,0,0,133116,2044,3
1,512,512,0,0,20386217000,20386227000,20386234000,141312,0,0,8192,0,0,-2048,0,0,133116,2044,5
1,512,-1,11,0,20386301000,20386306000,20386314000,141312,0,0,8192,0,0,-2048,0,0,133116,2044,5
2,100,1,0,4,20386314000,20401970000,20401989000,141312,0,0,6144,0,0,0,0,0,135164,4092,4
1,512,512,0,0,20401994000,20402011000,20402019000,141824,0,0,6148,0,0,1532,0,0,135164,4092,3
1,512,512,0,0,20402089000,20402094000,20402102000,142336,0,0,6148,0,0,1020,0,0,135164,4092,3
1,512,512,0,0,20402169000,20402174000,20402182000,142848,0,0,6148,0,0,508,0,0,135164,4092,3
1,512,512,0,0,20402251000,20402260000,20402268000,143360,0,0,8192,0,0,-2048,0,0,135164,4092,5
1,512,-1,11,0,20402334000,20402339000,20402347000,143360,0,0,8192,0,0,-2048,0,0,135164,4092,5
2,100,1,0,4,20402347000,20417960000,20417975000,143360,0,0,6144,0,0,0,0,0,137212,6140,4
1,512,512,0,0,20417980000,20417994000,20418002000,143872,0,0,6148,0,0,1532,0,0,137212,6140,3
1,512,512,0,0,20418068000,20418072000,20418080000,144384,0,0,6148,0,0,1020,0,0,137212,6140,3
1,512,512,0,0,20418146000,20418150000,20418157000,144896,0,0,6148,0,0,508,0,0,137212,6140,3
1,512,512,0,0,20418223000,20418258000,20418270000,145408,0,0,8192,0,0,-2048,0,0,137212,6140,5
1,512,-1,11,0,20418337000,20418344000,20418353000,145408,0,0,8192,0,0,-2048,0,0,137212,6140,5
2,100,1,0,4,20418354000,20433977000,20433990000,145408,0,0,6144,0,0,0,0,0,139260,8188,4
1,512,512,0,0,20433994000,20434006000,20434015000,145920,0,0,6148,0,0,1532,0,0,139260,8188,3
1,512,512,0,0,20434082000,20434086000,20434094000,146432,0,0,6148,0,0,1020,0,0,139260,8188,3
1,512,512,0,0,20434158000,20434162000,20434169000,146944,0,0,6148,0,0,508,0,0,139260,8188,3
1,512,512,0,0,20434235000,20434245000,20434254000,147456,0,0,8192,0,0,-2048,0,0,139260,8188,5
1,512,-1,11,0,20434319000,20434323000,20434331000,147456,0,0,8192,0,0,-2048,0,0,139260,8188,5
2,100,1,0,4,20434332000,20449959000,20449974000,147456,0,0,6144,0,0,0,0,0,141308,2044,4
1,512,512,0,0,20449978000,20449992000,20450020000,147968,0,0,6148,0,0,1532,0,0,141308,2044,3
1,512,512,0,0,20450087000,20450093000,20450102000,148480,0,0,6148,0,0,1020,0,0,141308,2044,3
1,512,512,0,0,20450168000,20450172000,20450180000,148992,0,0,6148,0,0,508,0,0,141308,2044,3
1,512,512,0,0,20450245000,20450255000,20450264000,149504,0,0,8192,0,0,-2048,0,0,141308,2044,5
1,512,-1,11,0,20450329000,20450333000,20450341000,149504,0,0,8192,0,0,-2048,0,0,141308,2044,5
2,100,1,0,4,20450342000,20465961000,20465973000,149504,0,0,6144,0,0,0,0,0,143356,4092,4
1,512,512,0,0,20465977000,20465987000,20465994000,150016,0,0,6148,0,0,1532,0,0,143356,4092,3
1,512,512,0,0,20466061000,20466065000,20466073000,150528,0,0,6148,0,0,1020,0,0,143356,4092,3
1,512,512,0,0,20466138000,20466142000,20466150000,151040,0,0,6148,0,0,508,0,0,143356,4092,3
1,512,512,0,0,20466216000,20466226000,20466234000,151552,0,0,8192,0,0,-2048,0,0,143356,4092,5
1,512,-1,11,0,20466301000,20466305000,20466313000,151552,0,0,8192,0,0,-2048,0,0,143356,4092,5
2,100,1,0,4,20466314000,20481959000,20481973000,151552,0,0,6144,0,0,0,0,0,145404,6140,4
1,512,512,0,0,20481977000,20481989000,20481997000,152064,0,0,6148,0,0,1532,0,0,145404,6140,3
1,512,512,0,0,20482066000,20482070000,20482077000,152576,0,0,6148,0,0,1020,0,0,145404,6140,3
1,512,512,0,0,20482144000,20482148000,20482156000,153088,0,0,6148,0,0,508,0,0,145404,6140,3
1,512,512,0,0,20482222000,20482232000,20482240000,153600,0,0,8192,0,0,-2048,0,0,145404,6140,5
1,512,-1,11,0,20482306000,20482311000,20482319000,153600,0,0,8192,0,0,-2048,0,0,145404,6140,5
2,100,1,0,4,20482319000,20497958000,20497969000,153600,0,0,6144,0,0,0,0,0,147452,8188,4
1,512,512,0,0,20497974000,20497983000,20497991000,154112,0,0,6148,0,0,1532,0,0,147452,8188,3
1,512,512,0,0,20498057000,20498061000,20498069000,154624,0,0,6148,0,0,1020,0,0,147452,8188,3
1,512,512,0,0,20498135000,20498138000,20498146000,155136,0,0,6148,0,0,508,0,0,147452,8188,3
1,512,512,0,0,20498211000,20498221000,20498229000,155648,0,0,8192,0,0,-2048,0,0,147452,8188,5
1,512,-1,11,0,20498294000,20498298000,20498306000,155648,0,0,8192,0,0,-2048,0,0,147452,8188,5
2,100,1,0,4,20498307000,20513957000,20513969000,155648,0,0,6144,0,0,0,0,0,149500,2044,4
1,512,512,0,0,20513973000,20513984000,20513993000,156160,0,0,6148,0,0,1532,0,0,149500,2044,3
1,512,512,0,0,20514060000,20514064000,20514071000,156672,0,0,6148,0,0,1020,0,0,149500,2044,3
1,512,512,0,0,20514136000,20514140000,20514148000,157184,0,0,6148,0,0,508,0,0,149500,2044,3
1,512,512,0,0,20514214000,20514224000,20514232000,157696,0,0,8192,0,0,-2048,0,0,149500,2044,5
1,512,-1,11,0,20514299000,20514303000,20514311000,157696,0,0,8192,0,0,-2048,0,0,149500,2044,5
2,100,1,0,4,20514312000,20529953000,20529964000,157696,0,0,6144,0,0,0,0,0,151548,4092,4
1,512,512,0,0,20529968000,20529978000,20529986000,158208,0,0,6148,0,0,1532,0,0,151548,4092,3
1,512,512,0,0,20530095000,20530100000,20530112000,158720,0,0,6148,0,0,1020,0,0,151548,4092,3
1,512,512,0,0,20530179000,20530183000,20530191000,159232,0,0,6148,0,0,508,0,0,151548,4092,3
1,512,512,0,0,20530256000,20530267000,20530275000,159744,0,0,8192,0,0,-2048,0,0,151548,4092,5
1,512,-1,11,0,20530342000,20530366000,20530377000,159744,0,0,8192,0,0,-2048,0,0,151548,4092,5
2,100,1,0,4,20530378000,20545964000,20545976000,159744,0,0,6144,0,0,0,0,0,153596,6140,4
1,512,512,0,0,20545981000,20545992000,20546001000,160256,0,0,6148,0,0,1532,0,0,153596,6140,3
1,512,512,0,0,20546068000,20546072000,20546080000,160768,0,0,6148,0,0,1020,0,0,153596,6140,3
1,512,512,0,0,20546146000,20546150000,20546157000,161280,0,0,6148,0,0,508,0,0,153596,6140,3
1,512,512,0,0,20546226000,20546235000,20546243000,161792,0,0,8192,0,0,-2048,0,0,153596,6140,5
1,512,-1,11,0,20546311000,20546315000,20546323000,161792,0,0,8192,0,0,-2048,0,0,153596,6140,5
2,100,1,0,4,20546324000,20561953000,20561968000,161792,0,0,6144,0,0,0,0,0,155644,8188,4
1,512,512,0,0,20561973000,20561987000,20561995000,162304,0,0,6148,0,0,1532,0,0,155644,8188,3
1,512,512,0,0,20562065000,20562069000,20562077000,162816,0,0,6148,0,0,1020,0,0,155644,8188,3
1,512,512,0,0,20562145000,20562149000,20562156000,163328,0,0,6148,0,0,508,0,0,155644,8188,3
1,512,512,0,0,20562225000,20562234000,20562242000,163840,0,0,8192,0,0,-2048,0,0,155644,8188,5
1,512,-1,11,0,20562309000,20562314000,20562322000,163840,0,0,8192,0,0,-2048,0,0,155644,8188,5
2,100,1,0,4,20562323000,20577958000,20577970000,163840,0,0,6144,0,0,0,0,0,157692,2044,4
1,512,512,0,0,20577974000,20577984000,20577993000,164352,0,0,6148,0,0,1532,0,0,157692,2044,3
1,512,512,0,0,20578058000,20578061000,20578070000,164864,0,0,6148,0,0,1020,0,0,157692,2044,3
1,512,512,0,0,20578135000,20578139000,20578146000,165376,0,0,6148,0,0,508,0,0,157692,2044,3
1,512,512,0,0,20578211000,20578221000,20578229000,165888,0,0,8192,0,0,-2048,0,0,157692,2044,5
1,512,-1,11,0,20578293000,20578297000,20578305000,165888,0,0,8192,0,0,-2048,0,0,157692,2044,5
2,100,1,0,4,20578306000,20593949000,20593961000,165888,0,0,6144,0,0,0,0,0,159740,4092,4
1,512,512,0,0,20593965000,20593976000,20593986000,166400,0,0,6148,0,0,1532,0,0,159740,4092,3
1,512,512,0,0,20594052000,20594056000,20594064000,166912,0,0,6148,0,0,1020,0,0,159740,4092,3
1,512,512,0,0,20594128000,20594132000,20594140000,167424,0,0,6148,0,0,508,0,0,159740,4092,3
1,512,512,0,0,20594205000,20594214000,20594222000,167936,0,0,8192,0,0,-2048,0,0,159740,4092,5
1,512,-1,11,0,20594289000,20594293000,20594301000,167936,0,0,8192,0,0,-2048,0,0,159740,4092,5
2,100,1,0,4,20594302000,20609951000,20609965000,167936,0,0,6144,0,0,0,0,0,161788,6140,4
1,512,512,0,0,20609969000,20609979000,20609987000,168448,0,0,6148,0,0,1532,0,0,161788,6140,3
1,512,512,0,0,20611689000,20611697000,20611718000,168960,0,0,6148,0,0,1020,0,0,161788,6140,3
1,512,512,0,0,20611786000,20611790000,20611800000,169472,0,0,6148,0,0,508,0,0,161788,6140,3
1,512,512,0,0,20611867000,20611881000,20611889000,169984,0,0,8192,0,0,-2048,0,0,161788,6140,5
1,512,-1,11,0,20611956000,20611961000,20611969000,169984,0,0,8192,0,0,-2048,0,0,161788,6140,5
2,100,1,0,4,20611969000,20625959000,20625975000,169984,0,0,6144,0,0,0,0,0,163836,8188,4
1,512,512,0,0,20625979000,20625993000,20626001000,170496,0,0,6148,0,0,1532,0,0,163836,8188,3
1,512,512,0,0,20626070000,20626074000,20626082000,171008,0,0,6148,0,0,1020,0,0,163836,8188,3
1,512,512,0,0,20626150000,20626154000,20626162000,171520,0,0,6148,0,0,508,0,0,163836,8188,3
1,512,512,0,0,20626230000,20626240000,20626248000,172032,0,0,8192,0,0,-2048,0,0,163836,8188,5
1,512,-1,11,0,20626315000,20626319000,20626327000,172032,0,0,8192,0,0,-2048,0,0,163836,8188,5
2,100,1,0,4,20626328000,20641960000,20641972000,172032,0,0,6144,0,0,0,0,0,165884,2044,4
1,512,512,0,0,20641976000,20641986000,20641995000,172544,0,0,6148,0,0,1532,0,0,165884,2044,3
1,512,512,0,0,20642064000,20642067000,20642076000,173056,0,0,6148,0,0,1020,0,0,165884,2044,3
1,512,512,0,0,20642144000,20642148000,20642155000,173568,0,0,6148,0,0,508,0,0,165884,2044,3
1,512,512,0,0,20642225000,20642234000,20642242000,174080,0,0,8192,0,0,-2048,0,0,165884,2044,5
1,512,-1,11,0,20642310000,20642315000,20642322000,174080,0,0,8192,0,0,-2048,0,0,165884,2044,5
2,100,1,0,4,20642323000,20657973000,20657989000,174080,0,0,6144,0,0,0,0,0,167932,4092,4
1,512,512,0,0,20657993000,20658007000,20658016000,174592,0,0,6148,0,0,1532,0,0,167932,4092,3
1,512,512,0,0,20658086000,20658090000,20658098000,175104,0,0,6148,0,0,1020,0,0,167932,4092,3
1,512,512,0,0,20658166000,20658170000,20658177000,175616,0,0,6148,0,0,508,0,0,167932,4092,3
1,512,512,0,0,20658243000,20658253000,20658261000,176128,0,0,8192,0,0,-2048,0,0,167932,4092,5
1,512,-1,11,0,20658326000,20658331000,20658338000,176128,0,0,8192,0,0,-2048,0,0,167932,4092,5
2,100,1,0,4,20658339000,20673961000,20673975000,176128,0,0,6144,0,0,0,0,0,169980,6140,4
1,512,512,0,0,20673978000,20673991000,20674000000,176640,0,0,6148,0,0,1532,0,0,169980,6140,3
1,512,512,0,0,20674068000,20674072000,20674080000,177152,0,0,6148,0,0,1020,0,0,169980,6140,3
1,512,512,0,0,20674146000,20674150000,20674157000,177664,0,0,6148,0,0,508,0,0,169980,6140,3
1,512,512,0,0,20674225000,20674235000,20674244000,178176,0,0,8192,0,0,-2048,0,0,169980,6140,5
1,512,-1,11,0,20674309000,20674314000,20674321000,178176,0,0,8192,0,0,-2048,0,0,169980,6140,5
2,100,1,0,4,20674322000,20689951000,20689965000,178176,0,0,6144,0,0,0,0,0,172028,8188,4
1,512,512,0,0,20689969000,20689982000,20689991000,178688,0,0,6148,0,0,1532,0,0,172028,8188,3
1,512,512,0,0,20690073000,20690078000,20690088000,179200,0,0,6148,0,0,1020,0,0,172028,8188,3
1,512,512,0,0,20690154000,20690158000,20690166000,179712,0,0,6148,0,0,508,0,0,172028,8188,3
1,512,512,0,0,20690232000,20690242000,20690251000,180224,0,0,8192,0,0,-2048,0,0,172028,8188,5
1,512,-1,11,0,20690319000,20690323000,20690331000,180224,0,0,8192,0,0,-2048,0,0,172028,8188,5
2,100,1,0,4,20690332000,20705956000,20705967000,180224,0,0,6144,0,0,0,0,0,174076,2044,4
1,512,512,0,0,20705972000,20705982000,20705990000,180736,0,0,6148,0,0,1532,0,0,174076,2044,3
1,512,512,0,0,20706058000,20706062000,20706070000,181248,0,0,6148,0,0,1020,0,0,174076,2044,3
1,512,512,0,0,20706137000,20706141000,20706149000,181760,0,0,6148,0,0,508,0,0,174076,2044,3
1,512,512,0,0,20706217000,20706226000,20706234000,182272,0,0,8192,0,0,-2048,0,0,174076,2044,5
1,512,-1,11,0,20706301000,20706305000,20706313000,182272,0,0,8192,0,0,-2048,0,0,174076,2044,5
2,100,1,0,4,20706314000,20721951000,20721964000,182272,0,0,6144,0,0,0,0,0,176124,4092,4
1,512,512,0,0,20721968000,20721978000,20721986000,182784,0,0,6148,0,0,1532,0,0,176124,4092,3
1,512,512,0,0,20722055000,20722059000,20722066000,183296,0,0,6148,0,0,1020,0,0,176124,4092,3
1,512,512,0,0,20722134000,20722138000,20722145000,183808,0,0,6148,0,0,508,0,0,176124,4092,3
1,512,512,0,0,20722214000,20722224000,20722232000,184320,0,0,8192,0,0,-2048,0,0,176124,4092,5
1,512,-1,11,0,20722300000,20722304000,20722312000,184320,0,0,8192,0,0,-2048,0,0,176124,4092,5
2,100,1,0,4,20722313000,20737950000,20737962000,184320,0,0,6144,0,0,0,0,0,178172,6140,4
1,512,512,0,0,20737965000,20737975000,20737983000,184832,0,0,6148,0,0,1532,0,0,178172,6140,3
1,512,512,0,0,20738049000,20738053000,20738061000,185344,0,0,6148,0,0,1020,0,0,178172,6140,3
1,512,512,0,0,20738128000,20738131000,20738139000,185856,0,0,6148,0,0,508,0,0,178172,6140,3
1,512,512,0,0,20738204000,20738214000,20738222000,186368,0,0,8192,0,0,-2048,0,0,178172,6140,5
1,512,-1,11,0,20738288000,20738293000,20738300000,186368,0,0,8192,0,0,-2048,0,0,178172,6140,5
2,100,1,0,4,20738301000,20753949000,20753962000,186368,0,0,6144,0,0,0,0,0,180220,8188,4
1,512,512,0,0,20753966000,20753977000,20753986000,186880,0,0,6148,0,0,1532,0,0,180220,8188,3
1,512,512,0,0,20754054000,20754058000,20754066000,187392,0,0,6148,0,0,1020,0,0,180220,8188,3
1,512,512,0,0,20754133000,20754137000,20754145000,187904,0,0,6148,0,0,508,0,0,180220,8188,3
1,512,512,0,0,20754212000,20754221000,20754230000,188416,0,0,8192,0,0,-2048,0,0,180220,8188,5
1,512,-1,11,0,20754296000,20754300000,20754308000,188416,0,0,8192,0,0,-2048,0,0,180220,8188,5
2,100,1,0,4,20754309000,20769973000,20769986000,188416,0,0,6144,0,0,0,0,0,182268,2044,4
1,512,512,0,0,20769991000,20770082000,20770097000,188928,0,0,6148,0,0,1532,0,0,182268,2044,3
1,512,512,0,0,20770165000,20770171000,20770180000,189440,0,0,6148,0,0,1020,0,0,182268,2044,3
1,512,512,0,0,20770247000,20770251000,20770259000,189952,0,0,6148,0,0,508,0,0,182268,2044,3
1,512,512,0,0,20770325000,20770337000,20770345000,190464,0,0,8192,0,0,-2048,0,0,182268,2044,5
1,512,-1,11,0,20770413000,20770418000,20770426000,190464,0,0,8192,0,0,-2048,0,0,182268,2044,5
2,100,1,0,4,20770426000,20785960000,20785972000,190464,0,0,6144,0,0,0,0,0,184316,4092,4
1,512,512,0,0,20785976000,20785986000,20785994000,190976,0,0,6148,0,0,1532,0,0,184316,4092,3
1,512,512,0,0,20786062000,20786066000,20786074000,191488,0,0,6148,0,0,1020,0,0,184316,4092,3
1,512,512,0,0,20786141000,20786145000,20786152000,192000,0,0,6148,0,0,508,0,0,184316,4092,3
1,512,512,0,0,20786220000,20786230000,20786238000,192512,0,0,8192,0,0,-2048,0,0,184316,4092,5
1,512,-1,11,0,20786304000,20786308000,20786316000,192512,0,0,8192,0,0,-2048,0,0,184316,4092,5
2,100,1,0,4,20786317000,20801945000,20801958000,192512,0,0,6144,0,0,0,0,0,186364,6140,4
1,512,512,0,0,20801962000,20801973000,20801982000,193024,0,0,6148,0,0,1532,0,0,186364,6140,3
1,512,512,0,0,20802051000,20802055000,20802063000,193536,0,0,6148,0,0,1020,0,0,186364,6140,3
1,512,512,0,0,20802129000,20802133000,20802140000,194048,0,0,6148,0,0,508,0,0,186364,6140,3
1,512,512,0,0,20802207000,20802217000,20802225000,194560,0,0,8192,0,0,-2048,0,0,186364,6140,5
1,512,-1,11,0,20802292000,20802296000,20802304000,194560,0,0,8192,0,0,-2048,0,0,186364,6140,5
2,100,1,0,4,20802305000,20817946000,20817958000,194560,0,0,6144,0,0,0,0,0,188412,8188,4
1,512,512,0,0,20817962000,20817973000,20817981000,195072,0,0,6148,0,0,1532,0,0,188412,8188,3
1,512,512,0,0,20818048000,20818052000,20818059000,195584,0,0,6148,0,0,1020,0,0,188412,8188,3
1,512,512,0,0,20818126000,20818130000,20818138000,196096,0,0,6148,0,0,508,0,0,188412,8188,3
1,512,512,0,0,20818204000,20818214000,20818222000,196608,0,0,8192,0,0,-2048,0,0,188412,8188,5
1,512,-1,11,0,20818290000,20818294000,20818301000,196608,0,0,8192,0,0,-2048,0,0,188412,8188,5
2,100,1,0,4,20818302000,20833961000,20833980000,196608,0,0,6144,0,0,0,0,0,190460,2044,4
1,512,512,0,0,20833985000,20834001000,20834012000,197120,0,0,6148,0,0,1532,0,0,190460,2044,3
1,512,512,0,0,20834083000,20834088000,20834096000,197632,0,0,6148,0,0,1020,0,0,190460,2044,3
1,512,512,0,0,20834163000,20834167000,20834175000,198144,0,0,6148,0,0,508,0,0,190460,2044,3
1,512,512,0,0,20834242000,20834251000,20834260000,198656,0,0,8192,0,0,-2048,0,0,190460,2044,5
1,512,-1,11,0,20834328000,20834333000,20834341000,198656,0,0,8192,0,0,-2048,0,0,190460,2044,5
2,100,1,0,4,20834342000,20849961000,20849974000,198656,0,0,6144,0,0,0,0,0,192508,4092,4
1,512,512,0,0,20849978000,20849987000,20849995000,199168,0,0,6148,0,0,1532,0,0,192508,4092,3
1,512,512,0,0,20850079000,20850083000,20850093000,199680,0,0,6148,0,0,1020,0,0,192508,4092,3
1,512,512,0,0,20850160000,20850163000,20850171000,200192,0,0,6148,0,0,508,0,0,192508,4092,3
1,512,512,0,0,20850238000,20850248000,20850256000,200704,0,0,8192,0,0,-2048,0,0,192508,4092,5
1,512,-1,11,0,20850324000,20850329000,20850336000,200704,0,0,8192,0,0,-2048,0,0,192508,4092,5
2,100,1,0,4,20850337000,20865945000,20865958000,200704,0,0,6144,0,0,0,0,0,194556,6140,4
1,512,512,0,0,20865963000,20865974000,20865982000,201216,0,0,6148,0,0,1532,0,0,194556,6140,3
1,512,512,0,0,20866049000,20866053000,20866061000,201728,0,0,6148,0,0,1020,0,0,194556,6140,3
1,512,512,0,0,20866128000,20866132000,20866139000,202240,0,0,6148,0,0,508,0,0,194556,6140,3
1,512,512,0,0,20866208000,20866218000,20866226000,202752,0,0,8192,0,0,-2048,0,0,194556,6140,5
1,512,-1,11,0,20866295000,20866299000,20866307000,202752,0,0,8192,0,0,-2048,0,0,194556,6140,5
2,100,1,0,4,20866308000,20881949000,20881962000,202752,0,0,6144,0,0,0,0,0,196604,8188,4
1,512,512,0,0,20881967000,20882004000,20882016000,203264,0,0,6148,0,0,1532,0,0,196604,8188,3
1,512,512,0,0,20882088000,20882093000,20882102000,203776,0,0,6148,0,0,1020,0,0,196604,8188,3
1,512,512,0,0,20882171000,20882175000,20882184000,204288,0,0,6148,0,0,508,0,0,196604,8188,3
1,512,512,0,0,20882254000,20882264000,20882273000,204800,0,0,8192,0,0,-2048,0,0,196604,8188,5
1,512,-1,11,0,20882342000,20882346000,20882354000,204800,0,0,8192,0,0,-2048,0,0,196604,8188,5
2,100,1,0,4,20882355000,20897949000,20897963000,204800,0,0,6144,0,0,0,0,0,198652,2044,4
1,512,512,0,0,20897967000,20897980000,20897989000,205312,0,0,6148,0,0,1532,0,0,198652,2044,3
1,512,512,0,0,20898055000,20898060000,20898068000,205824,0,0,6148,0,0,1020,0,0,198652,2044,3
1,512,512,0,0,20898134000,20898138000,20898145000,206336,0,0,6148,0,0,508,0,0,198652,2044,3
1,512,512,0,0,20898211000,20898221000,20898228000,206848,0,0,8192,0,0,-2048,0,0,198652,2044,5
1,512,-1,11,0,20898295000,20898299000,20898306000,206848,0,0,8192,0,0,-2048,0,0,198652,2044,5
2,100,1,0,4,20898307000,20913952000,20913965000,206848,0,0,6144,0,0,0,0,0,200700,4092,4
1,512,512,0,0,20913968000,20913978000,20913987000,207360,0,0,6148,0,0,1532,0,0,200700,4092,3
1,512,512,0,0,20914054000,20914058000,20914066000,207872,0,0,6148,0,0,1020,0,0,200700,4092,3
1,512,512,0,0,20914131000,20914135000,20914143000,208384,0,0,6148,0,0,508,0,0,200700,4092,3
1,512,512,0,0,20914210000,20914219000,20914227000,208896,0,0,8192,0,0,-2048,0,0,200700,4092,5
1,512,-1,11,0,20914294000,20914298000,20914306000,208896,0,0,8192,0,0,-2048,0,0,200700,4092,5
2,100,1,0,4,20914307000,20929945000,20929959000,208896,0,0,6144,0,0,0,0,0,202748,6140,4
1,512,512,0,0,20929963000,20929975000,20929983000,209408,0,0,6148,0,0,1532,0,0,202748,6140,3
1,512,512,0,0,20930067000,20930072000,20930082000,209920,0,0,6148,0,0,1020,0,0,202748,6140,3
1,512,512,0,0,20930149000,20930152000,20930160000,210432,0,0,6148,0,0,508,0,0,202748,6140,3
1,512,512,0,0,20930225000,20930236000,20930243000,210944,0,0,8192,0,0,-2048,0,0,202748,6140,5
1,512,-1,11,0,20930310000,20930315000,20930323000,210944,0,0,8192,0,0,-2048,0,0,202748,6140,5
2,100,1,0,4,20930323000,20945948000,20945959000,210944,0,0,6144,0,0,0,0,0,204796,8188,4
1,512,512,0,0,20945964000,20945973000,20945981000,211456,0,0,6148,0,0,1532,0,0,204796,8188,3
1,512,512,0,0,20946049000,20946053000,20946060000,211968,0,0,6148,0,0,1020,0,0,204796,8188,3
1,512,512,0,0,20946128000,20946132000,20946139000,212480,0,0,6148,0,0,508,0,0,204796,8188,3
1,512,512,0,0,20946207000,20946216000,20946224000,212992,0,0,8192,0,0,-2048,0,0,204796,8188,5
1,512,-1,11,0,20946291000,20946295000,20946303000,212992,0,0,8192,0,0,-2048,0,0,204796,8188,5
2,100,1,0,4,20946304000,20961948000,20961961000,212992,0,0,6144,0,0,0,0,0,206844,2044,4
1,512,512,0,0,20961965000,20961976000,20961983000,213504,0,0,6148,0,0,1532,0,0,206844,2044,3
1,512,512,0,0,20962051000,20962055000,20962062000,214016,0,0,6148,0,0,1020,0,0,206844,2044,3
1,512,512,0,0,20962129000,20962133000,20962140000,214528,0,0,6148,0,0,508,0,0,206844,2044,3
1,512,512,0,0,20962208000,20962218000,20962225000,215040,0,0,8192,0,0,-2048,0,0,206844,2044,5
1,512,-1,11,0,20962294000,20962298000,20962306000,215040,0,0,8192,0,0,-2048,0,0,206844,2044,5
2,100,1,0,4,20962307000,20977946000,20977957000,215040,0,0,6144,0,0,0,0,0,208892,4092,4
1,512,512,0,0,20977961000,20977971000,20977979000,215552,0,0,6148,0,0,1532,0,0,208892,4092,3
1,512,512,0,0,20978048000,20978052000,20978060000,216064,0,0,6148,0,0,1020,0,0,208892,4092,3
1,512,512,0,0,20978128000,20978132000,20978139000,216576,0,0,6148,0,0,508,0,0,208892,4092,3
1,512,512,0,0,20978206000,20978216000,20978224000,217088,0,0,8192,0,0,-2048,0,0,208892,4092,5
1,512,-1,11,0,20978291000,20978295000,20978303000,217088,0,0,8192,0,0,-2048,0,0,208892,4092,5
2,100,1,0,4,20978304000,20993946000,20993958000,217088,0,0,6144,0,0,0,0,0,210940,6140,4
1,512,512,0,0,20993962000,20993974000,20993983000,217600,0,0,6148,0,0,1532,0,0,210940,6140,3
1,512,512,0,0,20994053000,20994078000,20994089000,218112,0,0,6148,0,0,1020,0,0,210940,6140,3
1,512,512,0,0,20994157000,20994162000,20994170000,218624,0,0,6148,0,0,508,0,0,210940,6140,3
1,512,512,0,0,20994238000,20994248000,20994257000,219136,0,0,8192,0,0,-2048,0,0,210940,6140,5
1,512,-1,11,0,20994325000,20994330000,20994339000,219136,0,0,8192,0,0,-2048,0,0,210940,6140,5
2,100,1,0,4,20994340000,21009955000,21009967000,219136,0,0,6144,0,0,0,0,0,212988,8188,4
1,512,512,0,0,21009972000,21009982000,21009991000,219648,0,0,6148,0,0,1532,0,0,212988,8188,3
1,512,512,0,0,21010111000,21010117000,21010130000,220160,0,0,6148,0,0,1020,0,0,212988,8188,3
1,512,512,0,0,21010197000,21010201000,21010209000,220672,0,0,6148,0,0,508,0,0,212988,8188,3
1,512,512,0,0,21010275000,21010286000,21010295000,221184,0,0,8192,0,0,-2048,0,0,212988,8188,5
1,512,-1,11,0,21010361000,21010366000,21010374000,221184,0,0,8192,0,0,-2048,0,0,212988,8188,5
2,100,1,0,4,21010375000,21025943000,21025957000,221184,0,0,6144,0,0,0,0,0,215036,2044,4
1,512,512,0,0,21025961000,21025972000,21025980000,221696,0,0,6148,0,0,1532,0,0,215036,2044,3
1,512,512,0,0,21026048000,21026052000,21026059000,222208,0,0,6148,0,0,1020,0,0,215036,2044,3
1,512,512,0,0,21026127000,21026131000,21026139000,222720,0,0,6148,0,0,508,0,0,215036,2044,3
1,512,512,0,0,21026206000,21026216000,21026223000,223232,0,0,8192,0,0,-2048,0,0,215036,2044,5
1,512,-1,11,0,21026290000,21026294000,21026302000,223232,0,0,8192,0,0,-2048,0,0,215036,2044,5
2,100,1,0,4,21026303000,21041955000,21041976000,223232,0,0,6144,0,0,0,0,0,217084,4092,4
1,512,512,0,0,21041981000,21041997000,21042006000,223744,0,0,6148,0,0,1532,0,0,217084,4092,3
1,512,512,0,0,21042076000,21042080000,21042088000,224256,0,0,6148,0,0,1020,0,0,217084,4092,3
1,512,512,0,0,21042156000,21042160000,21042167000,224768,0,0,6148,0,0,508,0,0,217084,4092,3
1,512,512,0,0,21042235000,21042245000,21042253000,225280,0,0,8192,0,0,-2048,0,0,217084,4092,5
1,512,-1,11,0,21042321000,21042325000,21042333000,225280,0,0,8192,0,0,-2048,0,0,217084,4092,5
2,100,1,0,4,21042334000,21057952000,21057966000,225280,0,0,6144,0,0,0,0,0,219132,6140,4
1,512,512,0,0,21057970000,21057980000,21057988000,225792,0,0,6148,0,0,1532,0,0,219132,6140,3
1,512,512,0,0,21058055000,21058059000,21058067000,226304,0,0,6148,0,0,1020,0,0,219132,6140,3
1,512,512,0,0,21058134000,21058138000,21058145000,226816,0,0,6148,0,0,508,0,0,219132,6140,3
1,512,512,0,0,21058210000,21058220000,21058228000,227328,0,0,8192,0,0,-2048,0,0,219132,6140,5
1,512,-1,11,0,21058295000,21058299000,21058307000,227328,0,0,8192,0,0,-2048,0,0,219132,6140,5
2,100,1,0,4,21058308000,21073943000,21073956000,227328,0,0,6144,0,0,0,0,0,221180,8188,4
1,512,512,0,0,21073960000,21073971000,21073980000,227840,0,0,6148,0,0,1532,0,0,221180,8188,3
1,512,512,0,0,21074048000,21074052000,21074060000,228352,0,0,6148,0,0,1020,0,0,221180,8188,3
1,512,512,0,0,21074127000,21074131000,21074138000,228864,0,0,6148,0,0,508,0,0,221180,8188,3
1,512,512,0,0,21074206000,21074216000,21074224000,229376,0,0,8192,0,0,-2048,0,0,221180,8188,5
1,512,-1,11,0,21074291000,21074295000,21074303000,229376,0,0,8192,0,0,-2048,0,0,221180,8188,5
2,100,1,0,4,21074304000,21089946000,21089956000,229376,0,0,6144,0,0,0,0,0,223228,2044,4
1,512,512,0,0,21089960000,21089970000,21089978000,229888,0,0,6148,0,0,1532,0,0,223228,2044,3
1,512,512,0,0,21090059000,21090064000,21090073000,230400,0,0,6148,0,0,1020,0,0,223228,2044,3
1,512,512,0,0,21090139000,21090143000,21090151000,230912,0,0,6148,0,0,508,0,0,223228,2044,3
1,512,512,0,0,21090217000,21090227000,21090235000,231424,0,0,8192,0,0,-2048,0,0,223228,2044,5
1,512,-1,11,0,21090303000,21090307000,21090315000,231424,0,0,8192,0,0,-2048,0,0,223228,2044,5
2,100,1,0,4,21090316000,21105946000,21105962000,231424,0,0,6144,0,0,0,0,0,225276,4092,4
1,512,512,0,0,21105966000,21105979000,21105988000,231936,0,0,6148,0,0,1532,0,0,225276,4092,3
1,512,512,0,0,21106056000,21106086000,21106097000,232448,0,0,6148,0,0,1020,0,0,225276,4092,3
1,512,512,0,0,21106167000,21106172000,21106180000,232960,0,0,6148,0,0,508,0,0,225276,4092,3
1,512,512,0,0,21106249000,21106260000,21106268000,233472,0,0,8192,0,0,-2048,0,0,225276,4092,5
1,512,-1,11,0,21106337000,21106341000,21106349000,233472,0,0,8192,0,0,-2048,0,0,225276,4092,5
2,100,1,0,4,21106350000,21121958000,21121969000,233472,0,0,6144,0,0,0,0,0,227324,6140,4
1,512,512,0,0,21121973000,21121984000,21121992000,233984,0,0,6148,0,0,1532,0,0,227324,6140,3
1,512,512,0,0,21122062000,21122065000,21122073000,234496,0,0,6148,0,0,1020,0,0,227324,6140,3
1,512,512,0,0,21122140000,21122144000,21122151000,235008,0,0,6148,0,0,508,0,0,227324,6140,3
1,512,512,0,0,21122220000,21122230000,21122238000,235520,0,0,8192,0,0,-2048,0,0,227324,6140,5
1,512,-1,11,0,21122306000,21122310000,21122318000,235520,0,0,8192,0,0,-2048,0,0,227324,6140,5
2,100,1,0,4,21122319000,21137941000,21137955000,235520,0,0,6144,0,0,0,0,0,229372,8188,4
1,512,512,0,0,21137959000,21137971000,21137980000,236032,0,0,6148,0,0,1532,0,0,229372,8188,3
1,512,512,0,0,21138048000,21138052000,21138060000,236544,0,0,6148,0,0,1020,0,0,229372,8188,3
1,512,512,0,0,21138127000,21138131000,21138139000,237056,0,0,6148,0,0,508,0,0,229372,8188,3
1,512,512,0,0,21138204000,21138215000,21138223000,237568,0,0,8192,0,0,-2048,0,0,229372,8188,5
1,512,-1,11,0,21138290000,21138294000,21138301000,237568,0,0,8192,0,0,-2048,0,0,229372,8188,5
2,100,1,0,4,21138302000,21153947000,21153958000,237568,0,0,6144,0,0,0,0,0,231420,2044,4
1,512,512,0,0,21153963000,21153973000,21153982000,238080,0,0,6148,0,0,1532,0,0,231420,2044,3
1,512,512,0,0,21154049000,21154053000,21154061000,238592,0,0,6148,0,0,1020,0,0,231420,2044,3
1,512,512,0,0,21154129000,21154133000,21154140000,239104,0,0,6148,0,0,508,0,0,231420,2044,3
1,512,512,0,0,21154208000,21154217000,21154225000,239616,0,0,8192,0,0,-2048,0,0,231420,2044,5
1,512,-1,11,0,21154291000,21154295000,21154303000,239616,0,0,8192,0,0,-2048,0,0,231420,2044,5
2,100,1,0,4,21154304000,21169942000,21169955000,239616,0,0,6144,0,0,0,0,0,233468,4092,4
1,512,512,0,0,21169959000,21169971000,21169980000,240128,0,0,6148,0,0,1532,0,0,233468,4092,3
1,512,512,0,0,21170064000,21170068000,21170078000,240640,0,0,6148,0,0,1020,0,0,233468,4092,3
1,512,512,0,0,21170145000,21170149000,21170157000,241152,0,0,6148,0,0,508,0,0,233468,4092,3
1,512,512,0,0,21170225000,21170235000,21170243000,241664,0,0,8192,0,0,-2048,0,0,233468,4092,5
1,512,-1,11,0,21170312000,21170316000,21170324000,241664,0,0,8192,0,0,-2048,0,0,233468,4092,5
2,100,1,0,4,21170325000,21185945000,21185956000,241664,0,0,6144,0,0,0,0,0,235516,6140,4
1,512,512,0,0,21185960000,21185970000,21185978000,242176,0,0,6148,0,0,1532,0,0,235516,6140,3
1,512,512,0,0,21186046000,21186050000,21186058000,242688,0,0,6148,0,0,1020,0,0,235516,6140,3
1,512,512,0,0,21186125000,21186129000,21186136000,243200,0,0,6148,0,0,508,0,0,235516,6140,3
1,512,512,0,0,21186205000,21186214000,21186222000,243712,0,0,8192,0,0,-2048,0,0,235516,6140,5
1,512,-1,11,0,21186291000,21186295000,21186303000,243712,0,0,8192,0,0,-2048,0,0,235516,6140,5
2,100,1,0,4,21186304000,21201942000,21201954000,243712,0,0,6144,0,0,0,0,0,237564,8188,4
1,512,512,0,0,21201959000,21201970000,21201978000,244224,0,0,6148,0,0,1532,0,0,237564,8188,3
1,512,512,0,0,21202048000,21202052000,21202060000,244736,0,0,6148,0,0,1020,0,0,237564,8188,3
1,512,512,0,0,21202130000,21202133000,21202141000,245248,0,0,6148,0,0,508,0,0,237564,8188,3
1,512,512,0,0,21202210000,21202220000,21202228000,245760,0,0,8192,0,0,-2048,0,0,237564,8188,5
1,512,-1,11,0,21202296000,21202300000,21202309000,245760,0,0,8192,0,0,-2048,0,0,237564,8188,5
2,100,1,0,4,21202310000,21217939000,21217952000,245760,0,0,6144,0,0,0,0,0,239612,2044,4
1,512,512,0,0,21217957000,21217968000,21217977000,246272,0,0,6148,0,0,1532,0,0,239612,2044,3
1,512,512,0,0,21218043000,21218047000,21218055000,246784,0,0,6148,0,0,1020,0,0,239612,2044,3
1,512,512,0,0,21218121000,21218145000,21218157000,247296,0,0,6148,0,0,508,0,0,239612,2044,3
1,512,512,0,0,21218225000,21218236000,21218245000,247808,0,0,8192,0,0,-2048,0,0,239612,2044,5
1,512,-1,11,0,21218313000,21218317000,21218325000,247808,0,0,8192,0,0,-2048,0,0,239612,2044,5
2,100,1,0,4,21218326000,21233941000,21233956000,247808,0,0,6144,0,0,0,0,0,241660,4092,4
1,512,512,0,0,21233960000,21233972000,21233980000,248320,0,0,6148,0,0,1532,0,0,241660,4092,3
1,512,512,0,0,21234048000,21234053000,21234061000,248832,0,0,6148,0,0,1020,0,0,241660,4092,3
1,512,512,0,0,21234127000,21234131000,21234138000,249344,0,0,6148,0,0,508,0,0,241660,4092,3
1,512,512,0,0,21234205000,21234215000,21234223000,249856,0,0,8192,0,0,-2048,0,0,241660,4092,5
1,512,-1,11,0,21234291000,21234295000,21234303000,249856,0,0,8192,0,0,-2048,0,0,241660,4092,5
2,100,1,0,4,21234304000,21249951000,21249969000,249856,0,0,6144,0,0,0,0,0,243708,6140,4
1,512,512,0,0,21249973000,21249987000,21249995000,250368,0,0,6148,0,0,1532,0,0,243708,6140,3
1,512,512,0,0,21250131000,21250139000,21250154000,250880,0,0,6148,0,0,1020,0,0,243708,6140,3
1,512,512,0,0,21250221000,21250225000,21250233000,251392,0,0,6148,0,0,508,0,0,243708,6140,3
1,512,512,0,0,21250300000,21250312000,21250321000,251904,0,0,8192,0,0,-2048,0,0,243708,6140,5
1,512,-1,11,0,21250387000,21250392000,21250400000,251904,0,0,8192,0,0,-2048,0,0,243708,6140,5
2,100,1,0,4,21250401000,21265948000,21265961000,251904,0,0,6144,0,0,0,0,0,245756,8188,4
1,512,512,0,0,21265965000,21265977000,21265986000,252416,0,0,6148,0,0,1532,0,0,245756,8188,3
1,512,512,0,0,21266053000,21266057000,21266065000,252928,0,0,6148,0,0,1020,0,0,245756,8188,3
1,512,512,0,0,21266132000,21266136000,21266144000,253440,0,0,6148,0,0,508,0,0,245756,8188,3
1,512,512,0,0,21266223000,21266233000,21266242000,253952,0,0,8192,0,0,-2048,0,0,245756,8188,5
1,512,-1,11,0,21266340000,21266345000,21266353000,253952,0,0,8192,0,0,-2048,0,0,245756,8188,5
2,100,1,0,4,21266354000,21281938000,21281951000,253952,0,0,6144,0,0,0,0,0,247804,2044,4
1,512,512,0,0,21281956000,21281969000,21281978000,254464,0,0,6148,0,0,1532,0,0,247804,2044,3
1,512,512,0,0,21282076000,21282080000,21282089000,254976,0,0,6148,0,0,1020,0,0,247804,2044,3
1,512,512,0,0,21282186000,21282190000,21282198000,255488,0,0,6148,0,0,508,0,0,247804,2044,3
1,512,512,0,0,21282293000,21282303000,21282311000,256000,0,0,8192,0,0,-2048,0,0,247804,2044,5
1,320,-1,11,0,21282370000,21282375000,21282383000,256000,0,0,8192,0,0,-2048,0,0,247804,2044,5
2,100,1,0,4,21282384000,21297942000,21297953000,256000,0,0,6144,0,0,0,0,0,249852,4092,4
1,320,320,0,0,21297957000,21297966000,21297974000,256320,0,0,6148,0,0,1724,0,0,249852,4092,3
4,0,0,0,0,21299989000,21300028000,21300049000,256320,0,0,6148,0,0,1724,0,0,249852,4092,3
3,0,0,0,0,21300052000,21300056000,21300063000,256320,0,0,6148,0,0,1724,0,0,249852,4092,3
3,0,0,0,0,21310076000,21310086000,21310096000,256320,0,0,6148,0,0,1724,0,0,249852,4092,3
3,0,0,0,0,21320055000,21320065000,21320074000,256320,0,0,4100,0,0,3772,0,0,251900,6140,2
3,0,0,0,0,21330022000,21330028000,21330036000,256320,0,0,2052,0,0,5820,0,0,253948,8188,1
3,0,0,0,0,21340046000,21340053000,21340062000,256320,0,0,2052,0,0,5820,0,0,253948,8188,1
3,0,0,0,0,21350018000,21350024000,21350032000,256320,0,0,2052,0,0,5820,0,0,253948,2044,1
3,0,0,0,0,21360016000,21360021000,21360029000,256320,0,0,2052,0,0,5820,0,0,253948,2044,1
3,0,0,0,0,21370037000,21370043000,21370052000,256320,0,0,2052,0,0,5820,0,0,253948,4092,1
3,0,0,0,0,21380018000,21380023000,21380031000,256320,0,0,2052,0,0,5820,0,0,253948,6140,1
3,0,0,0,0,21390014000,21390019000,21390027000,256320,0,0,2052,0,0,5820,0,0,253948,6140,1
3,0,0,0,0,21400040000,21400139000,21400150000,256320,0,0,0,0,0,8192,0,0,256000,0,0
5,0,0,0,0,21402130000,21402134000,21402237000,256320,0,0,0,0,0,8192,0,0,256000,0,0
