seq,elapsed_ms,state,accepted_delta,nominal_consumed_delta,nominal_deficit,reported_hw_deficit,accepted_minus_hw,reported_queued,appl_minus_accepted,reserve_trusted
17564,0.0,3,0,0.0,0.0,0,1034,1034,0,True
17566,0.045000000000000005,3,705,1.9845000000000002,-703.0155,-705,1739,1739,0,True
17567,0.691,3,705,30.4731,-674.5269,-705,1739,1739,0,True
17569,0.7200000000000001,3,735,31.752000000000002,-703.248,-735,1769,1769,0,True
17570,2.145,3,735,94.59450000000001,-640.4055,-735,1769,1769,0,True
17571,17.697,3,735,780.4377000000001,45.43770000000006,33,1001,1001,0,True
17573,17.742,3,1441,782.4222000000001,-658.5777999999999,-673,1707,1707,0,True
17574,18.374000000000002,3,1441,810.2934,-630.7066,-673,1707,1707,0,True
17576,18.402,3,1472,811.5282000000001,-660.4717999999999,-704,1738,1738,0,True
17577,19.384999999999998,3,1472,854.8785,-617.1215,-704,1738,1738,0,True
17578,38.155,3,1472,1682.6355,210.6355000000001,192,842,842,0,True
17580,38.198,3,2176,1684.5318000000002,-491.4681999999998,-512,1546,1546,0,True
17581,38.918,3,2176,1716.2838000000002,-459.71619999999984,-512,1546,1546,0,True
17583,38.947,3,2208,1717.5627000000002,-490.4372999999998,-544,1578,1578,0,True
17584,40.317,3,2208,1777.9796999999999,-430.02030000000013,-544,1578,1578,0,True
17585,56.318,3,2208,2483.6238,275.62379999999985,224,810,810,0,True
17587,56.366,3,2913,2485.7406,-427.2593999999999,-481,1515,1515,0,True
17588,56.989,3,2913,2513.2149,-399.78510000000006,-481,1515,1515,0,True
17590,57.015,3,2944,2514.3615,-429.6385,-512,1546,1546,0,True
17591,58.433,3,2944,2576.8953,-367.10469999999987,-384,1418,1418,0,True
17592,74.887,3,2944,3302.5166999999997,358.5166999999997,256,778,778,0,True
17594,74.93299999999999,3,3649,3304.5452999999998,-344.45470000000023,-449,1483,1483,0,True
17595,75.624,3,3649,3335.0184,-313.98160000000007,-321,1355,1355,0,True
17597,75.65299999999999,3,3679,3336.2972999999997,-342.7027000000003,-351,1385,1385,0,True
17598,77.011,3,3679,3396.1850999999997,-282.8149000000003,-351,1385,1385,0,True
17599,93.27000000000001,3,3679,4113.207,434.20700000000033,417,617,617,0,True
17601,93.306,3,3703,4114.7946,411.7946000000002,393,641,641,0,True
17603,93.33,3,4384,4115.853,-268.14699999999993,-288,1322,1322,0,True
17604,93.983,3,4384,4144.6503,-239.34969999999976,-288,1322,1322,0,True
17606,94.013,3,4416,4145.9733,-270.02670000000035,-320,1354,1354,0,True
17607,95.386,3,4416,4206.5226,-209.47739999999976,-320,1354,1354,0,True
17608,112.006,3,4416,4939.464599999999,523.4645999999993,448,586,586,0,True
17610,112.04899999999999,3,5121,4941.3609,-179.63910000000033,-257,1291,1291,0,True
17611,112.713,3,5121,4970.6433,-150.35670000000027,-257,1291,1291,0,True
17613,112.74199999999999,3,5152,4971.9222,-180.07780000000002,-288,1322,1322,0,True
17614,114.14399999999999,3,5152,5033.7504,-118.2496000000001,-160,1194,1194,0,True
17615,130.213,3,5152,5742.3933,590.3932999999997,480,554,554,0,True
17617,130.26,3,5857,5744.465999999999,-112.53400000000056,-225,1259,1259,0,True
17618,130.923,3,5857,5773.7043,-83.29569999999967,-97,1131,1131,0,True
17620,130.95100000000002,3,5887,5774.9391000000005,-112.06089999999949,-127,1161,1161,0,True
17621,132.38,3,5887,5837.958,-49.04200000000037,-127,1161,1161,0,True
17622,149.08599999999998,3,5887,6574.692599999999,687.6925999999994,641,393,393,0,True
17624,149.131,3,6593,6576.677100000001,-16.32289999999921,-65,1099,1099,0,True
17625,149.794,3,6593,6605.915400000001,12.915400000000773,-65,1099,1099,0,True
17627,149.823,3,6624,6607.1943,-16.805699999999888,-96,1130,1130,0,True
17628,151.228,3,6624,6669.1548,45.15480000000025,32,1002,1002,0,True
17629,167.259,3,6624,7376.121899999999,752.1218999999992,672,362,362,0,True
17631,167.306,3,7328,7378.194600000001,50.19460000000072,-32,1066,1066,0,True
17632,167.963,3,7328,7407.1683,79.16830000000027,-32,1066,1066,0,True
17634,167.992,3,7360,7408.4472000000005,48.44720000000052,-64,1098,1098,0,True
17635,169.39399999999998,3,7360,7470.2753999999995,110.27539999999954,64,970,970,0,True
17636,190.213,3,7360,8388.3933,1028.3932999999997,960,74,202,128,False
17638,190.257,3,8065,8390.333700000001,325.33370000000104,255,779,907,128,False
17639,190.978,3,8065,8422.1298,357.1298000000006,255,779,907,128,False
17641,191.006,3,8095,8423.3646,328.3646000000008,225,809,937,128,False
17642,192.47,3,8095,8487.927,392.9269999999997,353,681,809,128,False
17643,208.954,3,8095,9214.8714,1119.8714,1121,-87,169,256,False
17645,208.99599999999998,3,8801,9216.7236,415.72359999999935,415,619,875,256,False
17646,209.65900000000002,3,8801,9245.9619,444.96190000000024,415,619,875,256,False
17648,209.68800000000002,3,8831,9247.240800000001,416.2408000000014,385,649,905,256,False
17649,213.111,3,8831,9398.195099999999,567.195099999999,513,521,777,256,False
17650,229.495,3,8831,10120.7295,1289.7294999999995,1281,-247,137,384,False
17652,229.53699999999998,3,9536,10122.581699999999,586.5816999999988,576,458,842,384,False
17653,230.21,3,9536,10152.261,616.2610000000004,576,458,842,384,False
17655,230.237,3,9568,10153.4517,585.4516999999996,544,490,874,384,False
17656,231.601,3,9568,10213.6041,645.6041000000005,544,490,874,384,False
17658,248.281,1,9568,10949.1921,1381.1921000000002,1312,-278,0,384,False
