begin_ns,end_ns,accepted_bytes,delay_rc,delay_errno,delay_bytes,space_rc,space_errno,free_bytes,ptr_rc,ptr_errno,ptr_bytes,ptr,blocks
27904423000,27904663000,0,0,0,0,0,0,8192,0,0,0,0,0
27910066000,27910084000,10240,0,0,8192,0,0,-2048,0,0,0,0,5
27920107000,27920132000,10240,0,0,6148,0,0,-4,0,0,2044,2044,4
27927838000,27927853000,10240,0,0,6144,0,0,0,0,0,4092,4092,4
27939469000,27939489000,12288,0,0,6144,0,0,0,0,0,6140,6140,4
27950067000,27950090000,14336,0,0,8192,0,0,-2048,0,0,6140,6140,5
27960063000,27960094000,14336,0,0,6144,0,0,0,0,0,8188,8188,4
27970105000,27970145000,18432,0,0,8192,0,0,-2048,0,0,10236,2044,5
27980059000,27980077000,20480,0,0,8192,0,0,-2048,0,0,12284,4092,5
27985962000,27985984000,20480,0,0,6144,0,0,0,0,0,14332,6140,4
27997436000,27997452000,22528,0,0,6144,0,0,0,0,0,16380,8188,4
28009057000,28009077000,24576,0,0,6144,0,0,0,0,0,18428,2044,4
28020070000,28020100000,26624,0,0,8192,0,0,-2048,0,0,18428,2044,5
28030036000,28030053000,26624,0,0,6144,0,0,0,0,0,20476,4092,4
28040083000,28040112000,30720,0,0,8192,0,0,-2048,0,0,22524,6140,5
28050044000,28050062000,32768,0,0,8192,0,0,-2048,0,0,24572,8188,5
28055571000,28055592000,32768,0,0,6144,0,0,0,0,0,26620,2044,4
28067110000,28067136000,34816,0,0,6144,0,0,0,0,0,28668,4092,4
28078642000,28078660000,36864,0,0,6144,0,0,0,0,0,30716,6140,4
28090077000,28090107000,38912,0,0,8192,0,0,-2048,0,0,30716,6140,5
28100051000,28100068000,38912,0,0,6144,0,0,0,0,0,32764,8188,4
28110072000,28110100000,43008,0,0,8192,0,0,-2048,0,0,34812,2044,5
28120111000,28120140000,45056,0,0,8192,0,0,-2048,0,0,36860,4092,5
28125111000,28125125000,47104,0,0,8192,0,0,-2048,0,0,38908,6140,5
28136674000,28136695000,47104,0,0,6144,0,0,0,0,0,40956,8188,4
28148241000,28148257000,49152,0,0,6144,0,0,0,0,0,43004,2044,4
28159869000,28159890000,51200,0,0,6144,0,0,0,0,0,45052,4092,4
28170109000,28170145000,53248,0,0,8192,0,0,-2048,0,0,45052,4092,5
28180049000,28180067000,55296,0,0,8192,0,0,-2048,0,0,47100,6140,5
28190081000,28190111000,57344,0,0,8192,0,0,-2048,0,0,49148,8188,5
28200042000,28200059000,59392,0,0,8192,0,0,-2048,0,0,51196,2044,5
28206273000,28206294000,59392,0,0,6144,0,0,0,0,0,53244,4092,4
28217919000,28217946000,61440,0,0,6144,0,0,0,0,0,55292,6140,4
28229453000,28229471000,63488,0,0,6144,0,0,0,0,0,57340,8188,4
28240076000,28240106000,65536,0,0,8192,0,0,-2048,0,0,57340,8188,5
28250046000,28250060000,65536,0,0,6144,0,0,0,0,0,59388,2044,4
28260070000,28260096000,69632,0,0,8192,0,0,-2048,0,0,61436,4092,5
28270073000,28270101000,71680,0,0,8192,0,0,-2048,0,0,63484,6140,5
28275850000,28275862000,71680,0,0,6144,0,0,0,0,0,65532,8188,4
28287476000,28287498000,73728,0,0,6144,0,0,0,0,0,67580,2044,4
28299043000,28299057000,75776,0,0,6144,0,0,0,0,0,69628,4092,4
28310086000,28310113000,77824,0,0,8192,0,0,-2048,0,0,69628,4092,5
28320063000,28320095000,77824,0,0,6144,0,0,0,0,0,71676,6140,4
28330039000,28330056000,81920,0,0,8192,0,0,-2048,0,0,73724,8188,5
28340146000,28340171000,83968,0,0,8192,0,0,-2048,0,0,75772,2044,5
28345447000,28345461000,83968,0,0,6144,0,0,0,0,0,77820,4092,4
28357080000,28357101000,86016,0,0,6144,0,0,0,0,0,79868,6140,4
28368709000,28368737000,88064,0,0,6144,0,0,0,0,0,81916,8188,4
28380051000,28380073000,90112,0,0,8192,0,0,-2048,0,0,81916,8188,5
28390062000,28390093000,90112,0,0,6144,0,0,0,0,0,83964,2044,4
28400049000,28400066000,94208,0,0,8192,0,0,-2048,0,0,86012,4092,5
28410061000,28410085000,96256,0,0,8192,0,0,-2048,0,0,88060,6140,5
28415066000,28415078000,96768,0,0,6148,0,0,1532,0,0,90108,8188,3
28420074000,28420104000,98304,0,0,8192,0,0,-2048,0,0,90108,8188,5
28426655000,28426668000,98304,0,0,6144,0,0,0,0,0,92156,2044,4
28438280000,28438300000,100352,0,0,6144,0,0,0,0,0,94204,4092,4
28449851000,28449867000,102400,0,0,6144,0,0,0,0,0,96252,6140,4
28460081000,28460110000,104448,0,0,8192,0,0,-2048,0,0,96252,6140,5
28470073000,28470104000,106496,0,0,8192,0,0,-2048,0,0,98300,8188,5
28480051000,28480067000,108544,0,0,8192,0,0,-2048,0,0,100348,2044,5
28490103000,28490127000,110592,0,0,8192,0,0,-2048,0,0,102396,4092,5
28496252000,28496268000,110592,0,0,6144,0,0,0,0,0,104444,6140,4
28507880000,28507901000,112640,0,0,6144,0,0,0,0,0,106492,8188,4
28519479000,28519501000,114688,0,0,6144,0,0,0,0,0,108540,2044,4
28530041000,28530059000,116736,0,0,8192,0,0,-2048,0,0,108540,2044,5
28540061000,28540094000,116736,0,0,6144,0,0,0,0,0,110588,4092,4
28550050000,28550065000,120832,0,0,8192,0,0,-2048,0,0,112636,6140,5
28560105000,28560129000,122880,0,0,8192,0,0,-2048,0,0,114684,8188,5
28565855000,28565867000,122880,0,0,6144,0,0,0,0,0,116732,2044,4
28571728000,28571757000,124928,0,0,8192,0,0,-2048,0,0,116732,2044,5
28577460000,28577473000,124928,0,0,6144,0,0,0,0,0,118780,4092,4
28589086000,28589108000,126976,0,0,6144,0,0,0,0,0,120828,6140,4
28600034000,28600051000,129024,0,0,8192,0,0,-2048,0,0,120828,6140,5
28610068000,28610100000,129024,0,0,6144,0,0,0,0,0,122876,8188,4
28620039000,28620056000,133120,0,0,8192,0,0,-2048,0,0,124924,2044,5
28630062000,28630085000,135168,0,0,8192,0,0,-2048,0,0,126972,4092,5
28635456000,28635467000,135168,0,0,6144,0,0,0,0,0,129020,6140,4
28647074000,28647096000,137216,0,0,6144,0,0,0,0,0,131068,8188,4
28658697000,28658719000,139264,0,0,6144,0,0,0,0,0,133116,2044,4
28670102000,28670124000,141312,0,0,8192,0,0,-2048,0,0,133116,2044,5
28680063000,28680095000,141312,0,0,6144,0,0,0,0,0,135164,4092,4
28690094000,28690125000,145408,0,0,8192,0,0,-2048,0,0,137212,6140,5
28700064000,28700085000,147456,0,0,8192,0,0,-2048,0,0,139260,8188,5
28705109000,28705133000,147456,0,0,6144,0,0,0,0,0,141308,2044,4
28716680000,28716701000,149504,0,0,6144,0,0,0,0,0,143356,4092,4
28728275000,28728295000,151552,0,0,6144,0,0,0,0,0,145404,6140,4
28739859000,28739875000,153600,0,0,6144,0,0,0,0,0,147452,8188,4
28750073000,28750101000,155648,0,0,8192,0,0,-2048,0,0,147452,8188,5
28760117000,28760153000,157696,0,0,8192,0,0,-2048,0,0,149500,2044,5
28770093000,28770126000,159744,0,0,8192,0,0,-2048,0,0,151548,4092,5
28781763000,28781790000,161792,0,0,8192,0,0,-2048,0,0,153596,6140,5
28790058000,28790073000,163840,0,0,8192,0,0,-2048,0,0,155644,8188,5
28797888000,28797909000,163840,0,0,6144,0,0,0,0,0,157692,2044,4
28809515000,28809542000,165888,0,0,6144,0,0,0,0,0,159740,4092,4
28820055000,28820073000,167936,0,0,8192,0,0,-2048,0,0,159740,4092,5
28830066000,28830096000,167936,0,0,6144,0,0,0,0,0,161788,6140,4
28840095000,28840128000,172032,0,0,8192,0,0,-2048,0,0,163836,8188,5
28850062000,28850082000,174080,0,0,8192,0,0,-2048,0,0,165884,2044,5
28855911000,28855932000,174080,0,0,6144,0,0,0,0,0,167932,4092,4
28867520000,28867544000,176128,0,0,6144,0,0,0,0,0,169980,6140,4
28879075000,28879092000,178176,0,0,6144,0,0,0,0,0,172028,8188,4
28890080000,28890099000,180224,0,0,8192,0,0,-2048,0,0,172028,8188,5
28900065000,28900097000,180224,0,0,6144,0,0,0,0,0,174076,2044,4
28910118000,28910156000,184320,0,0,8192,0,0,-2048,0,0,176124,4092,5
28920097000,28920131000,186368,0,0,8192,0,0,-2048,0,0,178172,6140,5
28925497000,28925516000,186368,0,0,6144,0,0,0,0,0,180220,8188,4
28937068000,28937085000,188416,0,0,6144,0,0,0,0,0,182268,2044,4
28948693000,28948713000,190464,0,0,6144,0,0,0,0,0,184316,4092,4
28960104000,28960140000,192512,0,0,8192,0,0,-2048,0,0,184316,4092,5
28970098000,28970137000,192512,0,0,6144,0,0,0,0,0,186364,6140,4
28980059000,28980083000,196608,0,0,8192,0,0,-2048,0,0,188412,8188,5
28991735000,28991757000,198656,0,0,8192,0,0,-2048,0,0,190460,2044,5
29000119000,29000144000,200704,0,0,8192,0,0,-2048,0,0,192508,4092,5
29006663000,29006676000,200704,0,0,6144,0,0,0,0,0,194556,6140,4
29018276000,29018296000,202752,0,0,6144,0,0,0,0,0,196604,8188,4
29029891000,29029912000,204800,0,0,6144,0,0,0,0,0,198652,2044,4
29040090000,29040125000,206848,0,0,8192,0,0,-2048,0,0,198652,2044,5
29050060000,29050083000,208896,0,0,8192,0,0,-2048,0,0,200700,4092,5
29060122000,29060174000,210944,0,0,8192,0,0,-2048,0,0,202748,6140,5
29070050000,29070067000,212992,0,0,8192,0,0,-2048,0,0,204796,8188,5
29076317000,29076341000,212992,0,0,6144,0,0,0,0,0,206844,2044,4
29087917000,29087944000,215040,0,0,6144,0,0,0,0,0,208892,4092,4
29099485000,29099503000,217088,0,0,6144,0,0,0,0,0,210940,6140,4
29110172000,29110201000,219136,0,0,8192,0,0,-2048,0,0,210940,6140,5
29120052000,29120068000,219136,0,0,6144,0,0,0,0,0,212988,8188,4
29130072000,29130101000,223232,0,0,8192,0,0,-2048,0,0,215036,2044,5
29140103000,29140135000,225280,0,0,8192,0,0,-2048,0,0,217084,4092,5
29145885000,29145904000,225280,0,0,6144,0,0,0,0,0,219132,6140,4
29157519000,29157545000,227328,0,0,6144,0,0,0,0,0,221180,8188,4
29169077000,29169097000,229376,0,0,6144,0,0,0,0,0,223228,2044,4
29180085000,29180114000,231424,0,0,8192,0,0,-2048,0,0,223228,2044,5
29190086000,29190120000,231424,0,0,6144,0,0,0,0,0,225276,4092,4
29201712000,29201737000,235520,0,0,8192,0,0,-2048,0,0,227324,6140,5
29210122000,29210149000,237568,0,0,8192,0,0,-2048,0,0,229372,8188,5
29215480000,29215497000,237568,0,0,6144,0,0,0,0,0,231420,2044,4
29227090000,29227111000,239616,0,0,6144,0,0,0,0,0,233468,4092,4
29238670000,29238683000,241664,0,0,6144,0,0,0,0,0,235516,6140,4
29250076000,29250105000,243712,0,0,8192,0,0,-2048,0,0,235516,6140,5
29260088000,29260121000,243712,0,0,6144,0,0,0,0,0,237564,8188,4
29270107000,29270140000,247808,0,0,8192,0,0,-2048,0,0,239612,2044,5
29280059000,29280085000,249856,0,0,8192,0,0,-2048,0,0,241660,4092,5
29285079000,29285091000,249856,0,0,6144,0,0,0,0,0,243708,6140,4
29296700000,29296721000,251904,0,0,6144,0,0,0,0,0,245756,8188,4
29308317000,29308341000,253952,0,0,6144,0,0,0,0,0,247804,2044,4
29319939000,29319965000,256000,0,0,6144,0,0,0,0,0,249852,4092,4
29330143000,29330168000,258048,0,0,8192,0,0,-2048,0,0,249852,4092,5
29340040000,29340055000,260096,0,0,8192,0,0,-2048,0,0,251900,6140,5
29350075000,29350101000,262144,0,0,8192,0,0,-2048,0,0,253948,8188,5
29360367000,29360395000,264192,0,0,8192,0,0,-2048,0,0,255996,2044,5
29366278000,29366292000,264192,0,0,6144,0,0,0,0,0,258044,4092,4
29377900000,29377920000,266240,0,0,6144,0,0,0,0,0,260092,6140,4
29389473000,29389489000,268288,0,0,6144,0,0,0,0,0,262140,8188,4
29400075000,29400104000,270336,0,0,8192,0,0,-2048,0,0,262140,8188,5
29410327000,29410360000,270336,0,0,6144,0,0,0,0,0,264188,2044,4
29420057000,29420078000,274432,0,0,8192,0,0,-2048,0,0,266236,4092,5
29430069000,29430095000,276480,0,0,8192,0,0,-2048,0,0,268284,6140,5
29435932000,29435957000,276480,0,0,6144,0,0,0,0,0,270332,8188,4
29447488000,29447508000,278528,0,0,6144,0,0,0,0,0,272380,2044,4
29459135000,29459160000,280576,0,0,6144,0,0,0,0,0,274428,4092,4
29470041000,29470058000,282624,0,0,8192,0,0,-2048,0,0,274428,4092,5
29480072000,29480104000,282624,0,0,6144,0,0,0,0,0,276476,6140,4
29490098000,29490132000,286720,0,0,8192,0,0,-2048,0,0,278524,8188,5
29500051000,29500072000,288768,0,0,8192,0,0,-2048,0,0,280572,2044,5
29505530000,29505556000,288768,0,0,6144,0,0,0,0,0,282620,4092,4
29517083000,29517101000,290816,0,0,6144,0,0,0,0,0,284668,6140,4
29528702000,29528724000,292864,0,0,6144,0,0,0,0,0,286716,8188,4
29540098000,29540128000,294912,0,0,8192,0,0,-2048,0,0,286716,8188,5
29550093000,29550119000,294912,0,0,6144,0,0,0,0,0,288764,2044,4
29560246000,29560275000,299008,0,0,8192,0,0,-2048,0,0,290812,4092,5
29570052000,29570067000,301056,0,0,8192,0,0,-2048,0,0,292860,6140,5
29575127000,29575152000,301056,0,0,6144,0,0,0,0,0,294908,8188,4
29586737000,29586763000,303104,0,0,6144,0,0,0,0,0,296956,2044,4
29598298000,29598316000,305152,0,0,6144,0,0,0,0,0,299004,4092,4
29610252000,29610275000,307200,0,0,6144,0,0,0,0,0,301052,6140,4
29621709000,29621727000,309248,0,0,6144,0,0,0,0,0,303100,8188,4
29630087000,29630116000,311296,0,0,8192,0,0,-2048,0,0,303100,8188,5
29640100000,29640128000,313344,0,0,8192,0,0,-2048,0,0,305148,2044,5
29650050000,29650069000,315392,0,0,8192,0,0,-2048,0,0,307196,4092,5
29656334000,29656358000,315392,0,0,6144,0,0,0,0,0,309244,6140,4
29667888000,29667906000,317440,0,0,6144,0,0,0,0,0,311292,8188,4
29679505000,29679526000,319488,0,0,6144,0,0,0,0,0,313340,2044,4
29690097000,29690129000,321536,0,0,8192,0,0,-2048,0,0,313340,2044,5
29700057000,29700078000,323584,0,0,8192,0,0,-2048,0,0,315388,4092,5
29710162000,29710189000,325632,0,0,8192,0,0,-2048,0,0,317436,6140,5
29720054000,29720069000,327680,0,0,8192,0,0,-2048,0,0,319484,8188,5
29725936000,29725962000,327680,0,0,6144,0,0,0,0,0,321532,2044,4
29737539000,29737567000,329728,0,0,6144,0,0,0,0,0,323580,4092,4
29749094000,29749113000,331776,0,0,6144,0,0,0,0,0,325628,6140,4
29760136000,29760165000,333824,0,0,8192,0,0,-2048,0,0,325628,6140,5
29770079000,29770097000,333824,0,0,6144,0,0,0,0,0,327676,8188,4
29780084000,29780113000,337920,0,0,8192,0,0,-2048,0,0,329724,2044,5
29790097000,29790129000,339968,0,0,8192,0,0,-2048,0,0,331772,4092,5
29795499000,29795519000,339968,0,0,6144,0,0,0,0,0,333820,6140,4
29807135000,29807162000,342016,0,0,6144,0,0,0,0,0,335868,8188,4
29818687000,29818705000,344064,0,0,6144,0,0,0,0,0,337916,2044,4
29830085000,29830113000,346112,0,0,8192,0,0,-2048,0,0,337916,2044,5
29840122000,29840155000,348160,0,0,8192,0,0,-2048,0,0,339964,4092,5
29850057000,29850078000,350208,0,0,8192,0,0,-2048,0,0,342012,6140,5
29860077000,29860106000,352256,0,0,8192,0,0,-2048,0,0,344060,8188,5
29865093000,29865105000,352256,0,0,6144,0,0,0,0,0,346108,2044,4
29876719000,29876740000,354304,0,0,6144,0,0,0,0,0,348156,4092,4
29888341000,29888367000,356352,0,0,6144,0,0,0,0,0,350204,6140,4
29899902000,29899920000,358400,0,0,6144,0,0,0,0,0,352252,8188,4
29910073000,29910102000,360448,0,0,8192,0,0,-2048,0,0,352252,8188,5
29920038000,29920053000,362496,0,0,8192,0,0,-2048,0,0,354300,2044,5
29930079000,29930105000,364544,0,0,8192,0,0,-2048,0,0,356348,4092,5
29940096000,29940130000,366592,0,0,8192,0,0,-2048,0,0,358396,6140,5
29946305000,29946323000,366592,0,0,6144,0,0,0,0,0,360444,8188,4
29957939000,29957963000,368640,0,0,6144,0,0,0,0,0,362492,2044,4
29969500000,29969516000,370688,0,0,6144,0,0,0,0,0,364540,4092,4
29980080000,29980109000,372736,0,0,8192,0,0,-2048,0,0,364540,4092,5
29990144000,29990181000,372736,0,0,6144,0,0,0,0,0,366588,6140,4
30000059000,30000080000,376832,0,0,8192,0,0,-2048,0,0,368636,8188,5
30010067000,30010092000,378880,0,0,8192,0,0,-2048,0,0,370684,2044,5
30015897000,30015908000,378880,0,0,6144,0,0,0,0,0,372732,4092,4
30027518000,30027540000,380928,0,0,6144,0,0,0,0,0,374780,6140,4
30039141000,30039165000,382976,0,0,6144,0,0,0,0,0,376828,8188,4
30050077000,30050103000,385024,0,0,8192,0,0,-2048,0,0,376828,8188,5
30060064000,30060096000,385024,0,0,6144,0,0,0,0,0,378876,2044,4
30070092000,30070121000,389120,0,0,8192,0,0,-2048,0,0,380924,4092,5
30080097000,30080121000,391168,0,0,8192,0,0,-2048,0,0,382972,6140,5
30085493000,30085506000,391168,0,0,6144,0,0,0,0,0,385020,8188,4
30097121000,30097143000,393216,0,0,6144,0,0,0,0,0,387068,2044,4
30108746000,30108770000,395264,0,0,6144,0,0,0,0,0,389116,4092,4
30120102000,30120136000,397312,0,0,8192,0,0,-2048,0,0,389116,4092,5
30130049000,30130074000,397312,0,0,6144,0,0,0,0,0,391164,6140,4
30140048000,30140062000,401408,0,0,8192,0,0,-2048,0,0,393212,8188,5
30150063000,30150086000,403456,0,0,8192,0,0,-2048,0,0,395260,2044,5
30155092000,30155103000,403456,0,0,6144,0,0,0,0,0,397308,4092,4
30166697000,30166717000,405504,0,0,6144,0,0,0,0,0,399356,6140,4
30178316000,30178337000,407552,0,0,6144,0,0,0,0,0,401404,8188,4
30189893000,30189908000,409600,0,0,6144,0,0,0,0,0,403452,2044,4
30200084000,30200113000,411648,0,0,8192,0,0,-2048,0,0,403452,2044,5
30210121000,30210149000,413696,0,0,8192,0,0,-2048,0,0,405500,4092,5
30220090000,30220122000,415744,0,0,8192,0,0,-2048,0,0,407548,6140,5
30230093000,30230115000,417792,0,0,8192,0,0,-2048,0,0,409596,8188,5
30236298000,30236310000,417792,0,0,6144,0,0,0,0,0,411644,2044,4
30247923000,30247942000,419840,0,0,6144,0,0,0,0,0,413692,4092,4
30259554000,30259580000,421888,0,0,6144,0,0,0,0,0,415740,6140,4
30270046000,30270067000,423936,0,0,8192,0,0,-2048,0,0,415740,6140,5
30280072000,30280101000,425984,0,0,8192,0,0,-2048,0,0,417788,8188,5
30290053000,30290069000,428032,0,0,8192,0,0,-2048,0,0,419836,2044,5
30300062000,30300086000,430080,0,0,8192,0,0,-2048,0,0,421884,4092,5
30305894000,30305905000,430080,0,0,6144,0,0,0,0,0,423932,6140,4
30317501000,30317522000,432128,0,0,6144,0,0,0,0,0,425980,8188,4
30329117000,30329138000,434176,0,0,6144,0,0,0,0,0,428028,2044,4
30340034000,30340050000,436224,0,0,8192,0,0,-2048,0,0,428028,2044,5
30350073000,30350103000,436224,0,0,6144,0,0,0,0,0,430076,4092,4
30360073000,30360102000,440320,0,0,8192,0,0,-2048,0,0,432124,6140,5
30370094000,30370126000,442368,0,0,8192,0,0,-2048,0,0,434172,8188,5
30375539000,30375557000,442368,0,0,6144,0,0,0,0,0,436220,2044,4
30387099000,30387116000,444416,0,0,6144,0,0,0,0,0,438268,4092,4
30398724000,30398746000,446464,0,0,6144,0,0,0,0,0,440316,6140,4
30410082000,30410110000,448512,0,0,8192,0,0,-2048,0,0,440316,6140,5
30420087000,30420122000,448512,0,0,6144,0,0,0,0,0,442364,8188,4
30430109000,30430135000,452608,0,0,8192,0,0,-2048,0,0,444412,2044,5
30440051000,30440067000,454656,0,0,8192,0,0,-2048,0,0,446460,4092,5
30445163000,30445199000,454656,0,0,6144,0,0,0,0,0,448508,6140,4
30456756000,30456781000,456704,0,0,6144,0,0,0,0,0,450556,8188,4
30468302000,30468322000,458752,0,0,6144,0,0,0,0,0,452604,2044,4
30479930000,30479951000,460800,0,0,6144,0,0,0,0,0,454652,4092,4
30490039000,30490054000,462848,0,0,8192,0,0,-2048,0,0,454652,4092,5
30500086000,30500114000,464896,0,0,8192,0,0,-2048,0,0,456700,6140,5
30510075000,30510105000,466944,0,0,8192,0,0,-2048,0,0,458748,8188,5
30520091000,30520126000,468992,0,0,8192,0,0,-2048,0,0,460796,2044,5
30526321000,30526338000,468992,0,0,6144,0,0,0,0,0,462844,4092,4
30537901000,30537916000,471040,0,0,6144,0,0,0,0,0,464892,6140,4
30549530000,30549551000,473088,0,0,6144,0,0,0,0,0,466940,8188,4
30560084000,30560113000,475136,0,0,8192,0,0,-2048,0,0,466940,8188,5
30570081000,30570115000,475136,0,0,6144,0,0,0,0,0,468988,2044,4
30580058000,30580081000,479232,0,0,8192,0,0,-2048,0,0,471036,4092,5
30590048000,30590061000,481280,0,0,8192,0,0,-2048,0,0,473084,6140,5
30595932000,30595953000,481280,0,0,6144,0,0,0,0,0,475132,8188,4
30607549000,30607573000,483328,0,0,6144,0,0,0,0,0,477180,2044,4
30619103000,30619121000,485376,0,0,6144,0,0,0,0,0,479228,4092,4
30630064000,30630095000,487424,0,0,8192,0,0,-2048,0,0,479228,4092,5
30640032000,30640046000,487424,0,0,6144,0,0,0,0,0,481276,6140,4
30650132000,30650162000,491520,0,0,8192,0,0,-2048,0,0,483324,8188,5
30660075000,30660104000,493568,0,0,8192,0,0,-2048,0,0,485372,2044,5
30665510000,30665523000,493568,0,0,6144,0,0,0,0,0,487420,4092,4
30671799000,30671830000,495616,0,0,8192,0,0,-2048,0,0,487420,4092,5
30677123000,30677142000,495616,0,0,6144,0,0,0,0,0,489468,6140,4
30688710000,30688723000,497664,0,0,6144,0,0,0,0,0,491516,8188,4
30700073000,30700101000,499712,0,0,8192,0,0,-2048,0,0,491516,8188,5
30710074000,30710108000,499712,0,0,6144,0,0,0,0,0,493564,2044,4
30720102000,30720135000,503808,0,0,8192,0,0,-2048,0,0,495612,4092,5
30730058000,30730081000,505856,0,0,8192,0,0,-2048,0,0,497660,6140,5
30735111000,30735125000,505856,0,0,6144,0,0,0,0,0,499708,8188,4
30746733000,30746755000,507904,0,0,6144,0,0,0,0,0,501756,2044,4
30758363000,30758391000,509952,0,0,6144,0,0,0,0,0,503804,4092,4
30769970000,30769997000,512000,0,0,6144,0,0,0,0,0,505852,6140,4
30780061000,30780085000,514048,0,0,8192,0,0,-2048,0,0,505852,6140,5
30790038000,30790054000,516096,0,0,8192,0,0,-2048,0,0,507900,8188,5
30800074000,30800097000,518144,0,0,8192,0,0,-2048,0,0,509948,2044,5
30810073000,30810102000,520192,0,0,8192,0,0,-2048,0,0,511996,4092,5
30816313000,30816326000,520192,0,0,6144,0,0,0,0,0,514044,6140,4
30827930000,30827950000,522240,0,0,6144,0,0,0,0,0,516092,8188,4
30839510000,30839525000,524288,0,0,6144,0,0,0,0,0,518140,2044,4
30850074000,30850102000,526336,0,0,8192,0,0,-2048,0,0,518140,2044,5
30860074000,30860104000,526336,0,0,6144,0,0,0,0,0,520188,4092,4
30870147000,30870179000,530432,0,0,8192,0,0,-2048,0,0,522236,6140,5
30881709000,30881734000,532480,0,0,8192,0,0,-2048,0,0,524284,8188,5
30890055000,30890071000,534528,0,0,8192,0,0,-2048,0,0,526332,2044,5
30897537000,30897559000,534528,0,0,6144,0,0,0,0,0,528380,4092,4
30909167000,30909192000,536576,0,0,6144,0,0,0,0,0,530428,6140,4
30920055000,30920075000,538624,0,0,8192,0,0,-2048,0,0,530428,6140,5
30930066000,30930099000,538624,0,0,6144,0,0,0,0,0,532476,8188,4
30940036000,30940051000,542720,0,0,8192,0,0,-2048,0,0,534524,2044,5
30950079000,30950103000,544768,0,0,8192,0,0,-2048,0,0,536572,4092,5
30955507000,30955521000,544768,0,0,6144,0,0,0,0,0,538620,6140,4
30967114000,30967136000,546816,0,0,6144,0,0,0,0,0,540668,8188,4
30978731000,30978752000,548864,0,0,6144,0,0,0,0,0,542716,2044,4
30990040000,30990061000,550912,0,0,8192,0,0,-2048,0,0,542716,2044,5
31000066000,31000098000,550912,0,0,6144,0,0,0,0,0,544764,4092,4
31010086000,31010114000,555008,0,0,8192,0,0,-2048,0,0,546812,6140,5
31020094000,31020127000,557056,0,0,8192,0,0,-2048,0,0,548860,8188,5
31025149000,31025171000,557056,0,0,6144,0,0,0,0,0,550908,2044,4
31036716000,31036731000,559104,0,0,6144,0,0,0,0,0,552956,4092,4
31048342000,31048361000,561152,0,0,6144,0,0,0,0,0,555004,6140,4
31059946000,31059967000,563200,0,0,6144,0,0,0,0,0,557052,8188,4
31070046000,31070061000,565248,0,0,8192,0,0,-2048,0,0,557052,8188,5
31080070000,31080099000,567296,0,0,8192,0,0,-2048,0,0,559100,2044,5
31091746000,31091768000,569344,0,0,8192,0,0,-2048,0,0,561148,4092,5
31100080000,31100106000,571392,0,0,8192,0,0,-2048,0,0,563196,6140,5
31106314000,31106327000,571392,0,0,6144,0,0,0,0,0,565244,8188,4
31117924000,31117944000,573440,0,0,6144,0,0,0,0,0,567292,2044,4
31129542000,31129562000,575488,0,0,6144,0,0,0,0,0,569340,4092,4
31140041000,31140060000,577536,0,0,8192,0,0,-2048,0,0,569340,4092,5
31150072000,31150100000,579584,0,0,8192,0,0,-2048,0,0,571388,6140,5
31160084000,31160114000,581632,0,0,8192,0,0,-2048,0,0,573436,8188,5
31170043000,31170061000,583680,0,0,8192,0,0,-2048,0,0,575484,2044,5
31175970000,31175991000,583680,0,0,6144,0,0,0,0,0,577532,4092,4
31187518000,31187532000,585728,0,0,6144,0,0,0,0,0,579580,6140,4
31199147000,31199169000,587776,0,0,6144,0,0,0,0,0,581628,8188,4
31210074000,31210103000,589824,0,0,8192,0,0,-2048,0,0,581628,8188,5
31220045000,31220060000,589824,0,0,6144,0,0,0,0,0,583676,2044,4
31230070000,31230099000,593920,0,0,8192,0,0,-2048,0,0,585724,4092,5
31240060000,31240077000,595968,0,0,8192,0,0,-2048,0,0,587772,6140,5
31245549000,31245570000,595968,0,0,6144,0,0,0,0,0,589820,8188,4
31257166000,31257192000,598016,0,0,6144,0,0,0,0,0,591868,2044,4
31268721000,31268737000,600064,0,0,6144,0,0,0,0,0,593916,4092,4
31280080000,31280109000,602112,0,0,8192,0,0,-2048,0,0,593916,4092,5
31290043000,31290057000,602112,0,0,6144,0,0,0,0,0,595964,6140,4
31301727000,31301757000,606208,0,0,8192,0,0,-2048,0,0,598012,8188,5
31310191000,31310229000,608256,0,0,8192,0,0,-2048,0,0,600060,2044,5
31315196000,31315213000,610304,0,0,8192,0,0,-2048,0,0,602108,4092,5
31326747000,31326767000,610304,0,0,6144,0,0,0,0,0,604156,6140,4
31338323000,31338337000,612352,0,0,6144,0,0,0,0,0,606204,8188,4
31349949000,31349968000,614400,0,0,6144,0,0,0,0,0,608252,2044,4
31360071000,31360101000,616448,0,0,8192,0,0,-2048,0,0,608252,2044,5
31370053000,31370069000,618496,0,0,8192,0,0,-2048,0,0,610300,4092,5
31380065000,31380089000,620544,0,0,8192,0,0,-2048,0,0,612348,6140,5
31390036000,31390051000,622592,0,0,8192,0,0,-2048,0,0,614396,8188,5
31396348000,31396368000,622592,0,0,6144,0,0,0,0,0,616444,2044,4
31407984000,31408009000,624640,0,0,6144,0,0,0,0,0,618492,4092,4
31419533000,31419550000,626688,0,0,6144,0,0,0,0,0,620540,6140,4
31430088000,31430118000,628736,0,0,8192,0,0,-2048,0,0,620540,6140,5
31440039000,31440055000,628736,0,0,6144,0,0,0,0,0,622588,8188,4
31450077000,31450105000,632832,0,0,8192,0,0,-2048,0,0,624636,2044,5
31460084000,31460112000,634880,0,0,8192,0,0,-2048,0,0,626684,4092,5
31465923000,31465936000,634880,0,0,6144,0,0,0,0,0,628732,6140,4
31477547000,31477568000,636928,0,0,6144,0,0,0,0,0,630780,8188,4
31489125000,31489139000,638976,0,0,6144,0,0,0,0,0,632828,2044,4
31500072000,31500101000,641024,0,0,8192,0,0,-2048,0,0,632828,2044,5
31510073000,31510103000,641024,0,0,6144,0,0,0,0,0,634876,4092,4
31520062000,31520078000,645120,0,0,8192,0,0,-2048,0,0,636924,6140,5
31530121000,31530149000,647168,0,0,8192,0,0,-2048,0,0,638972,8188,5
31535528000,31535541000,647168,0,0,6144,0,0,0,0,0,641020,2044,4
31547139000,31547160000,649216,0,0,6144,0,0,0,0,0,643068,4092,4
31558724000,31558739000,651264,0,0,6144,0,0,0,0,0,645116,6140,4
31570072000,31570101000,653312,0,0,8192,0,0,-2048,0,0,645116,6140,5
31580077000,31580108000,653312,0,0,6144,0,0,0,0,0,647164,8188,4
31590091000,31590121000,657408,0,0,8192,0,0,-2048,0,0,649212,2044,5
31600052000,31600072000,659456,0,0,8192,0,0,-2048,0,0,651260,4092,5
31605182000,31605207000,659456,0,0,6144,0,0,0,0,0,653308,6140,4
31616732000,31616751000,661504,0,0,6144,0,0,0,0,0,655356,8188,4
31628357000,31628378000,663552,0,0,6144,0,0,0,0,0,657404,2044,4
31639925000,31639940000,665600,0,0,6144,0,0,0,0,0,659452,4092,4
31650075000,31650103000,667648,0,0,8192,0,0,-2048,0,0,659452,4092,5
31660080000,31660110000,669696,0,0,8192,0,0,-2048,0,0,661500,6140,5
31670049000,31670065000,671744,0,0,8192,0,0,-2048,0,0,663548,8188,5
31680064000,31680088000,673792,0,0,8192,0,0,-2048,0,0,665596,2044,5
31686334000,31686347000,673792,0,0,6144,0,0,0,0,0,667644,4092,4
31697957000,31697977000,675840,0,0,6144,0,0,0,0,0,669692,6140,4
31709559000,31709581000,677888,0,0,6144,0,0,0,0,0,671740,8188,4
31720045000,31720062000,679936,0,0,8192,0,0,-2048,0,0,671740,8188,5
31730091000,31730120000,681984,0,0,8192,0,0,-2048,0,0,673788,2044,5
31740202000,31740234000,684032,0,0,8192,0,0,-2048,0,0,675836,4092,5
31750093000,31750113000,686080,0,0,8192,0,0,-2048,0,0,677884,6140,5
31755931000,31755942000,686080,0,0,6144,0,0,0,0,0,679932,8188,4
31767558000,31767580000,688128,0,0,6144,0,0,0,0,0,681980,2044,4
31779159000,31779180000,690176,0,0,6144,0,0,0,0,0,684028,4092,4
31790097000,31790128000,692224,0,0,8192,0,0,-2048,0,0,684028,4092,5
31800049000,31800073000,692224,0,0,6144,0,0,0,0,0,686076,6140,4
31810037000,31810053000,696320,0,0,8192,0,0,-2048,0,0,688124,8188,5
31820074000,31820096000,698368,0,0,8192,0,0,-2048,0,0,690172,2044,5
31825530000,31825544000,698368,0,0,6144,0,0,0,0,0,692220,4092,4
31837136000,31837157000,700416,0,0,6144,0,0,0,0,0,694268,6140,4
31848756000,31848777000,702464,0,0,6144,0,0,0,0,0,696316,8188,4
31860078000,31860098000,704512,0,0,8192,0,0,-2048,0,0,696316,8188,5
31870069000,31870100000,704512,0,0,6144,0,0,0,0,0,698364,2044,4
31880087000,31880116000,708608,0,0,8192,0,0,-2048,0,0,700412,4092,5
31890097000,31890128000,710656,0,0,8192,0,0,-2048,0,0,702460,6140,5
31895156000,31895175000,710656,0,0,6144,0,0,0,0,0,704508,8188,4
31906730000,31906743000,712704,0,0,6144,0,0,0,0,0,706556,2044,4
31918363000,31918385000,714752,0,0,6144,0,0,0,0,0,708604,4092,4
31929933000,31929948000,716800,0,0,6144,0,0,0,0,0,710652,6140,4
